run_id,episode,sim_env_id,policy_name,slam_mode,Psucc_episode,tau_i_sec,Dinc_episode,Aloc_episode,Econ_Wh_episode,Etime_sec_episode,coverage_C,mu_cvg_final,waypoints_reached,pre_drift_alerts,mean_speed_mps,mean_mu_T,mean_mu_L,mean_mu_W,mean_mu_A,reward_sum,op_cbrs_lib_hits,op_cbrs_lib_misses,op_cbrs_lib_misses_no_lib,op_cbrs_lib_hit_ratio,terminated,truncated
20260514_003423,2,e1,PPO-OSD+Fuzzy+OP-CBRS-Source-e1,proxy,1,114.72,0,0.9895397489539749,6.176671424561781,114.72,0.5,0.39375000000000004,16,23,0.6386836135611873,0.5181030832835226,1.0,0.5751329386564453,0.9079933310963898,954.1877240336249,1434,0,0,1.0,1,0
20260514_003423,3,e1,PPO-OSD+Fuzzy+OP-CBRS-Source-e1,proxy,1,112.4,2,0.9743772241992883,6.06927817291114,112.4,0.5,0.39375000000000004,16,30,0.6513657175137055,0.5179086171835287,1.0,0.7882296436781546,0.9062583018675135,947.0764198943615,0,1405,0,0.0,1,0
20260514_003423,4,e1,PPO-OSD+Fuzzy+OP-CBRS-Source-e1,proxy,1,115.84,3,0.9779005524861878,6.2290918792896015,115.84,0.5,0.39375000000000004,16,34,0.6333032731707748,0.5201688289265988,1.0,0.36193032619769056,0.9102215017184547,956.7142838481591,1448,0,0,1.0,1,0
20260514_003423,5,e1,PPO-OSD+Fuzzy+OP-CBRS-Source-e1,proxy,1,109.04,0,0.9941305942773294,5.914211227250114,109.04,0.5,0.39375000000000004,16,5,0.6716345941766779,0.5180857614505824,1.0,0.9137201406238079,0.9037312459830155,939.3818459248416,0,1363,0,0.0,1,0
20260514_003423,6,e1,PPO-OSD+Fuzzy+OP-CBRS-Source-e1,proxy,1,110.96000000000001,0,0.9646719538572458,6.002651493030089,110.96000000000001,0.5,0.39375000000000004,16,31,0.6600239410319599,0.5203355134411377,1.0,0.4966031466956735,0.9052045883258784,945.6728568460514,1387,0,0,1.0,1,0
20260514_003423,7,e1,PPO-OSD+Fuzzy+OP-CBRS-Source-e1,proxy,1,111.60000000000001,4,0.985663082437276,6.031973405447042,111.60000000000001,0.5,0.39375000000000004,16,33,0.6560446833624207,0.5176484895033288,1.0,0.5782314190498637,0.9045581162736943,944.9300354399495,1395,0,0,1.0,1,0
20260514_003423,8,e1,PPO-OSD+Fuzzy+OP-CBRS-Source-e1,proxy,1,106.88,0,0.9752994011976048,5.815988337091104,106.88,0.5,0.39375000000000004,16,22,0.684963084835403,0.5124886387938414,1.0,1.0,0.9123238765441968,933.6942904537833,0,1336,0,0.0,1,0
20260514_003423,9,e1,PPO-OSD+Fuzzy+OP-CBRS-Source-e1,proxy,1,112.4,1,0.9793594306049822,6.0702233079113945,112.4,0.5,0.39375000000000004,16,48,0.6518213160415561,0.5160993899339098,1.0,0.5432698788162348,0.9059761810476626,948.140669385778,1405,0,0,1.0,1,0
20260514_003423,10,e1,PPO-OSD+Fuzzy+OP-CBRS-Source-e1,proxy,1,113.60000000000001,1,0.95,6.127662777627242,113.60000000000001,0.5,0.39375000000000004,16,23,0.6457674613091308,0.510536971830986,1.0,0.7503385352809149,0.9051999196203593,949.2092691901389,0,1420,0,0.0,1,0
20260514_003423,11,e1,PPO-OSD+Fuzzy+OP-CBRS-Source-e1,proxy,1,115.44,1,0.9854469854469855,6.210635407884064,115.44,0.5,0.39375000000000004,16,19,0.6349668918759642,0.5154489654489658,1.0,0.21466407562928566,0.9099629851180268,962.0893717202936,0,1443,0,0.0,1,0
20260514_003423,12,e1,PPO-OSD+Fuzzy+OP-CBRS-Source-e1,proxy,1,111.60000000000001,0,0.992831541218638,6.031485172888241,111.60000000000001,0.5,0.39375000000000004,16,20,0.6558211821488582,0.5186911162314394,1.0,0.6311315685966291,0.906591162470637,947.1771240941337,1395,0,0,1.0,1,0
20260514_003423,13,e1,PPO-OSD+Fuzzy+OP-CBRS-Source-e1,proxy,1,113.60000000000001,3,0.9873239436619718,6.125635869066565,113.60000000000001,0.5,0.39375000000000004,16,70,0.6454673088037632,0.519946554325956,1.0,0.55517536911349,0.9070563402442289,951.1128756342622,1420,0,0,1.0,1,0
20260514_003423,14,e1,PPO-OSD+Fuzzy+OP-CBRS-Source-e1,proxy,1,114.72,4,0.9735006973500697,6.177579107919549,114.72,0.5,0.39375000000000004,16,42,0.6390049144875055,0.5167183452879061,1.0,0.47654213810653745,0.9074870638970618,952.1732179485011,1434,0,0,1.0,1,0
20260514_003423,15,e1,PPO-OSD+Fuzzy+OP-CBRS-Source-e1,proxy,1,112.24000000000001,2,0.9672131147540983,6.061538853413004,112.24000000000001,0.5,0.39375000000000004,16,22,0.6519223443967312,0.5142418032786888,1.0,0.6366401683483154,0.9050725800832741,945.5654454225747,1403,0,0,1.0,1,0
20260514_003423,16,e1,PPO-OSD+Fuzzy+OP-CBRS-Source-e1,proxy,1,117.28,3,0.984993178717599,6.296696877705542,117.28,0.5,0.39375000000000004,16,45,0.6252061992497431,0.5143764617033724,1.0,0.2894015143158007,0.910409463948996,964.1675741654203,0,1466,0,0.0,1,0
20260514_003423,17,e1,PPO-OSD+Fuzzy+OP-CBRS-Source-e1,proxy,1,112.48,0,0.9857752489331437,6.07397684411533,112.48,0.5,0.39375000000000004,16,40,0.651594872251259,0.5163298872180452,1.0,0.6761079979823702,0.9065854811392667,948.5927447353159,1406,0,0,1.0,1,0
20260514_003423,18,e1,PPO-OSD+Fuzzy+OP-CBRS-Source-e1,proxy,1,113.68,6,0.9781843771991555,6.128223307142174,113.68,0.5,0.39375000000000004,16,43,0.6441009778904294,0.5183472403739823,1.0,0.6327448216823085,0.9071845484908639,948.8605874966165,1421,0,0,1.0,1,0
20260514_003423,19,e1,PPO-OSD+Fuzzy+OP-CBRS-Source-e1,proxy,1,119.44,4,0.971198928332217,6.39417725828484,119.44,0.5,0.39375000000000004,16,105,0.6114052935726118,0.5122566022390209,1.0,0.1905652202377468,0.9086661969327144,967.6513982468392,0,1493,0,0.0,1,0
20260514_003423,20,e1,PPO-OSD+Fuzzy+OP-CBRS-Source-e1,proxy,1,118.4,1,0.9695945945945946,6.345863501453242,118.4,0.5,0.39375000000000004,16,40,0.6176626812062553,0.5166596283783791,1.0,0.35540229035978693,0.910815978645681,961.1027957864768,1480,0,0,1.0,1,0
20260514_003423,21,e1,PPO-OSD+Fuzzy+OP-CBRS-Source-e1,proxy,1,117.76,3,0.9891304347826086,6.3156409726286995,117.76,0.5,0.39375000000000004,16,23,0.6207082267830392,0.5192121991459634,1.0,0.6393283456606919,0.9101013073827806,958.7455185793553,1472,0,0,1.0,1,0
20260514_003423,22,e1,PPO-OSD+Fuzzy+OP-CBRS-Source-e1,proxy,1,115.36,3,0.9944521497919556,6.20630063867415,115.36,0.5,0.39375000000000004,16,43,0.6351043533600981,0.5165345749950471,1.0,0.9545747980182357,0.9102474012071118,951.4241655062187,0,1442,0,0.0,1,0
20260514_003423,23,e1,PPO-OSD+Fuzzy+OP-CBRS-Source-e1,proxy,1,118.4,1,0.972972972972973,6.347220823055494,118.4,0.5,0.39375000000000004,16,20,0.6181289300725267,0.5116149855212363,1.0,0.4319790595090268,0.9097554988304869,960.3915526395368,1480,0,0,1.0,1,0
20260514_003423,24,e1,PPO-OSD+Fuzzy+OP-CBRS-Source-e1,proxy,1,113.2,0,0.9823321554770318,6.10782470393321,113.2,0.5,0.39375000000000004,16,26,0.6474796921541328,0.5145949015648663,1.0,0.9620258627824154,0.905486268581167,946.8167864098383,0,1415,0,0.0,1,0
20260514_003423,25,e1,PPO-OSD+Fuzzy+OP-CBRS-Source-e1,proxy,1,117.84,2,0.978275627970129,6.321164810005411,117.84,0.5,0.39375000000000004,16,46,0.6218611399838492,0.516375715255553,1.0,0.45737675528349747,0.9085662952384735,959.633601122344,1473,0,0,1.0,1,0
20260514_003423,26,e1,PPO-OSD+Fuzzy+OP-CBRS-Source-e1,proxy,1,113.84,0,0.9866479269149684,6.1365477385717275,113.84,0.5,0.39375000000000004,16,29,0.6438207517856456,0.5176889870494931,1.0,0.5853390887421027,0.9076545470905284,952.3293100567842,1423,0,0,1.0,1,0
20260514_003423,27,e1,PPO-OSD+Fuzzy+OP-CBRS-Source-e1,proxy,1,110.88,1,0.9797979797979798,5.998134543599825,110.88,0.5,0.39375000000000004,16,33,0.6599396373780947,0.5218698464234184,1.0,0.7192122876994045,0.9058428878579902,946.1200485971036,0,1386,0,0.0,1,0
20260514_003423,28,e1,PPO-OSD+Fuzzy+OP-CBRS-Source-e1,proxy,1,113.2,1,0.9773851590106007,6.106806831626603,113.2,0.5,0.39375000000000004,16,37,0.6477719388033392,0.5158556284704695,1.0,0.25334069812322885,0.9071790271788047,956.0516159932342,0,1415,0,0.0,1,0
20260514_003423,29,e1,PPO-OSD+Fuzzy+OP-CBRS-Source-e1,proxy,1,111.04,3,0.968299711815562,6.006227570429267,111.04,0.5,0.39375000000000004,16,56,0.6592834630514084,0.5184084242486625,1.0,0.5072667752489972,0.9039070946946984,944.1368681909773,1388,0,0,1.0,1,0
20260514_003423,30,e1,PPO-OSD+Fuzzy+OP-CBRS-Source-e1,proxy,1,107.60000000000001,0,0.9895910780669145,5.847683704031276,107.60000000000001,0.5,0.39375000000000004,16,30,0.6803960580475712,0.5239657461497617,1.0,0.7629474115082149,0.9085178258427202,940.048549496476,0,1345,0,0.0,1,0
20260514_003423,31,e1,PPO-OSD+Fuzzy+OP-CBRS-Source-e1,proxy,1,109.04,0,0.9838591342626559,5.914802859139621,109.04,0.5,0.39375000000000004,16,35,0.6720996471511382,0.518656980400378,1.0,0.7428997184777072,0.9049533898756542,941.9492661350811,0,1363,0,0.0,1,0
20260514_003423,32,e1,PPO-OSD+Fuzzy+OP-CBRS-Source-e1,proxy,1,107.84,1,0.9910979228486647,5.860005669062111,107.84,0.5,0.39375000000000004,16,28,0.6801990427585313,0.5227261286562109,1.0,0.5702977458692282,0.9082929736451687,941.4398845359351,1348,0,0,1.0,1,0
20260514_003423,33,e1,PPO-OSD+Fuzzy+OP-CBRS-Source-e1,proxy,1,104.16,0,0.9854070660522274,5.690455284403111,104.16,0.5,0.39375000000000004,16,28,0.7031731418406908,0.520488396971692,1.0,0.7230900672172165,0.9095663617086868,932.8963442070724,0,1302,0,0.0,1,0
20260514_003423,34,e1,PPO-OSD+Fuzzy+OP-CBRS-Source-e1,proxy,1,107.12,3,0.9761015683345781,5.825454590687887,107.12,0.5,0.39375000000000004,16,47,0.6838703237423887,0.5191394164088345,1.0,0.34057885810510313,0.9120787592226972,942.4803237213274,0,1339,0,0.0,1,0
20260514_003423,35,e1,PPO-OSD+Fuzzy+OP-CBRS-Source-e1,proxy,1,101.28,2,0.990521327014218,5.552961044976038,101.28,0.5,0.39375000000000004,16,46,0.7184372948008879,0.5165291412773648,1.0,0.7169193424742782,0.9100806600319931,923.6724555559877,0,1266,0,0.0,1,0
20260514_003423,36,e1,PPO-OSD+Fuzzy+OP-CBRS-Source-e1,proxy,1,104.56,4,0.990053557765876,5.707824973367888,104.56,0.5,0.39375000000000004,16,26,0.7004195478756918,0.5217271013225491,1.0,0.3983000938856127,0.9092333802508668,932.2090702097611,1307,0,0,1.0,1,0
20260514_003423,37,e1,PPO-OSD+Fuzzy+OP-CBRS-Source-e1,proxy,1,98.0,2,0.9730612244897959,5.409515203369356,98.0,0.5,0.39375000000000004,16,31,0.7456970947859238,0.5133301749271144,1.0,0.7540918684746629,0.906965303614254,916.7660518532715,0,1225,0,0.0,1,0
20260514_003423,38,e1,PPO-OSD+Fuzzy+OP-CBRS-Source-e1,proxy,1,96.56,1,0.9842584921292461,5.348413769038561,96.56,0.5,0.39375000000000004,16,20,0.7598346247096247,0.5126930701858212,1.0,0.7503188930110963,0.9110790130833271,916.5817018154137,0,1207,0,0.0,1,0
20260514_003423,39,e1,PPO-OSD+Fuzzy+OP-CBRS-Source-e1,proxy,1,100.8,2,0.9714285714285714,5.531493873193416,100.8,0.4923499799239077,0.3851437274143962,16,26,0.7218122080914557,0.5102104591836744,0.8979997323187882,0.47907539361609736,0.9101173393947265,921.844074167651,1260,0,0,1.0,1,0
20260514_003423,40,e1,PPO-OSD+Fuzzy+OP-CBRS-Source-e1,proxy,1,99.2,1,0.9790322580645161,5.462022484315257,99.2,0.5,0.39375000000000004,16,37,0.7356220347506385,0.5100007200460838,1.0,0.5104420654905999,0.9069113741402254,919.3578685749228,1240,0,0,1.0,1,0
20260514_003423,41,e1,PPO-OSD+Fuzzy+OP-CBRS-Source-e1,proxy,1,98.48,2,0.9878147847278635,5.429223839652149,98.48,0.5,0.39375000000000004,16,31,0.741245451906074,0.512514506208658,1.0,0.5807956159041676,0.9069265662208288,917.8691535676182,1231,0,0,1.0,1,0
20260514_003423,42,e1,PPO-OSD+Fuzzy+OP-CBRS-Source-e1,proxy,1,98.4,0,0.9861788617886179,5.426159163843495,98.4,0.5,0.39375000000000004,16,32,0.7419464197585253,0.5103948896631831,1.0,0.6131690352766191,0.9078160247574917,917.8207579068395,1230,0,0,1.0,1,0
20260514_003423,43,e1,PPO-OSD+Fuzzy+OP-CBRS-Source-e1,proxy,1,98.96000000000001,2,0.9805982215036378,5.449199071971811,98.96000000000001,0.5,0.39375000000000004,16,36,0.7368363557728241,0.5124631885899071,1.0,0.4007286718378928,0.9067337738713434,918.3219645958518,1237,0,0,1.0,1,0
20260514_003423,44,e1,PPO-OSD+Fuzzy+OP-CBRS-Source-e1,proxy,1,101.68,3,0.977183320220299,5.572068888412591,101.68,0.5,0.39375000000000004,16,38,0.7159978815835822,0.5066981847813876,1.0,0.14160116580886967,0.9102526746744986,929.4609621893828,0,1271,0,0.0,1,0
20260514_003423,45,e1,PPO-OSD+Fuzzy+OP-CBRS-Source-e1,proxy,1,102.32000000000001,3,0.947615324472244,5.60309928399792,102.32000000000001,0.5,0.39375000000000004,16,34,0.7126402340194413,0.5071854406344245,1.0,0.2482983357817273,0.910439352568382,929.3868543467279,0,1279,0,0.0,1,0
20260514_003423,46,e1,PPO-OSD+Fuzzy+OP-CBRS-Source-e1,proxy,1,96.0,1,0.99,5.322278276942146,96.0,0.5,0.39375000000000004,16,23,0.7635198176155488,0.5141532738095244,1.0,0.7231185282298344,0.9126701808769978,916.0399901000083,0,1200,0,0.0,1,0
20260514_003423,47,e1,PPO-OSD+Fuzzy+OP-CBRS-Source-e1,proxy,1,96.72,2,0.9917287014061208,5.354633788323089,96.72,0.5,0.39375000000000004,16,35,0.757062995280975,0.5073260073260079,1.0,0.7437063837612639,0.9112710384229613,915.3656121665163,0,1209,0,0.0,1,0
20260514_003423,48,e1,PPO-OSD+Fuzzy+OP-CBRS-Source-e1,proxy,1,100.8,3,0.9722222222222222,5.532909305316051,100.8,0.5,0.39375000000000004,16,68,0.7227897237217615,0.5084190759637196,1.0,0.324381078289268,0.9090829360357944,925.8399464409487,0,1260,0,0.0,1,0
20260514_003423,49,e1,PPO-OSD+Fuzzy+OP-CBRS-Source-e1,proxy,1,94.16,5,0.9881053525913339,5.245522892062623,94.16,0.5,0.39375000000000004,16,38,0.7811600554642681,0.5091129081199173,1.0,1.0,0.915012503714208,908.1047609293795,0,1177,0,0.0,1,0
20260514_003423,50,e1,PPO-OSD+Fuzzy+OP-CBRS-Source-e1,proxy,1,97.04,2,0.989282769991756,5.368105389790375,97.04,0.5,0.39375000000000004,16,29,0.7547128499782685,0.511082322459075,1.0,0.5771041553801877,0.9120582494471136,916.9794615003542,1213,0,0,1.0,1,0
20260514_003423,51,e1,PPO-OSD+Fuzzy+OP-CBRS-Source-e1,proxy,1,100.8,2,0.9007936507936508,5.532784513221614,100.8,0.5,0.39375000000000004,16,45,0.7227776529888312,0.5077806122448987,1.0,0.13470249442855287,0.9094637330981206,927.4182491051537,0,1260,0,0.0,1,0
20260514_003423,52,e1,PPO-OSD+Fuzzy+OP-CBRS-Source-e1,proxy,1,98.32000000000001,3,0.9820992676973149,5.4224395364975475,98.32000000000001,0.493836083782767,0.38681559425561285,16,42,0.7428699963407074,0.5102551435545746,0.9178144504369115,0.4518920511706673,0.9075084273397884,917.9927131547174,1229,0,0,1.0,1,0
20260514_003423,53,e1,PPO-OSD+Fuzzy+OP-CBRS-Source-e1,proxy,1,102.48,0,0.9890710382513661,5.610771200821936,102.48,0.5,0.39375000000000004,16,19,0.7121456962930887,0.5097803055648491,1.0,0.08721213413528829,0.9101161646862437,934.1771519765314,0,1281,0,0.0,1,0
20260514_003423,54,e1,PPO-OSD+Fuzzy+OP-CBRS-Source-e1,proxy,1,95.44,1,0.9337803855825649,5.302709504463837,95.44,0.4953361153646972,0.3885031297852843,16,26,0.7711379495820175,0.509599149802419,0.9378148715293068,0.8765686182887507,0.9138055726433404,914.0708207267701,0,1193,0,0.0,1,0
20260514_003423,55,e1,PPO-OSD+Fuzzy+OP-CBRS-Source-e1,proxy,1,93.84,0,0.9923273657289002,5.23369839235362,93.84,0.5,0.39375000000000004,16,26,0.7855604549858779,0.5074016563146996,1.0,1.0,0.9143806045348833,909.8076276223625,0,1173,0,0.0,1,0
20260514_003423,56,e1,PPO-OSD+Fuzzy+OP-CBRS-Source-e1,proxy,1,94.8,0,0.9856540084388186,5.273401058692111,94.8,0.4953273706569311,0.3884932919890475,16,22,0.7762991178136335,0.5118166063893915,0.9376982754257492,0.8474277691458384,0.9142560979355991,914.6341678250074,0,1185,0,0.0,1,0
20260514_003423,57,e1,PPO-OSD+Fuzzy+OP-CBRS-Source-e1,proxy,1,94.24,5,0.9889643463497453,5.248724388218609,94.24,0.5,0.39375000000000004,16,19,0.7809945823457124,0.5126750848896434,1.0,0.7790877671019396,0.914435287074718,910.8775682057855,0,1178,0,0.0,1,0
20260514_003423,58,e1,PPO-OSD+Fuzzy+OP-CBRS-Source-e1,proxy,1,96.24000000000001,5,0.9833748960931006,5.333336456500923,96.24000000000001,0.5,0.39375000000000004,16,62,0.7619297072873548,0.5120932787079925,1.0,0.5560837077786532,0.9114168486874018,914.164735261951,1203,0,0,1.0,1,0
20260514_003423,59,e1,PPO-OSD+Fuzzy+OP-CBRS-Source-e1,proxy,1,96.8,1,0.9735537190082645,5.357576728290652,96.8,0.5,0.39375000000000004,16,29,0.7568065486663629,0.5105497343565532,1.0,0.5031192151344978,0.9120413304234736,916.1236740349135,1210,0,0,1.0,1,0
20260514_003423,60,e1,PPO-OSD+Fuzzy+OP-CBRS-Source-e1,proxy,1,102.32000000000001,1,0.9507427677873339,5.603395630146577,102.32000000000001,0.5,0.39375000000000004,16,15,0.7127417495839758,0.5044272869429245,1.0,0.0,0.9103638905121519,932.9090284732226,0,1279,0,0.0,1,0
20260514_003423,61,e1,PPO-OSD+Fuzzy+OP-CBRS-Source-e1,proxy,1,94.88,5,0.984822934232715,5.276653380248423,94.88,0.5,0.39375000000000004,16,61,0.775531967112427,0.5113850578173937,1.0,0.7935505990742575,0.913844175745004,911.9792155206335,0,1186,0,0.0,1,0
20260514_003423,62,e1,PPO-OSD+Fuzzy+OP-CBRS-Source-e1,proxy,1,97.60000000000001,1,0.9614754098360656,5.390121606250661,97.60000000000001,0.4969997487139633,0.39037471730320866,16,52,0.7483154549950459,0.5097416569086657,0.9599966495195298,0.35624332411566656,0.9083949247062143,916.5609815548023,1220,0,0,1.0,1,0
20260514_003423,63,e1,PPO-OSD+Fuzzy+OP-CBRS-Source-e1,proxy,1,96.64,2,0.9867549668874173,5.350683362323363,96.64,0.5,0.39375000000000004,16,28,0.7581925015674521,0.5122568294701991,1.0,0.4607948150569453,0.9114613841082454,916.2286050084051,1208,0,0,1.0,1,0
20260514_003423,64,e1,PPO-OSD+Fuzzy+OP-CBRS-Source-e1,proxy,1,94.16,2,0.9821580288870009,5.245440516495601,94.16,0.5,0.39375000000000004,16,22,0.7816341397563785,0.511689070275519,1.0,0.9159542278100669,0.9140365618241907,910.3705908302048,0,1177,0,0.0,1,0
20260514_003423,65,e1,PPO-OSD+Fuzzy+OP-CBRS-Source-e1,proxy,1,98.08,0,0.9738988580750407,5.410318923976388,98.08,0.5,0.39375000000000004,16,14,0.7434514177078912,0.5086168725238879,1.0,0.36687286321512247,0.9073721447665433,917.0967190730269,1226,0,0,1.0,1,0
20260514_003423,66,e1,PPO-OSD+Fuzzy+OP-CBRS-Source-e1,proxy,1,96.4,2,0.9800829875518672,5.341525601299338,96.4,0.5,0.39375000000000004,16,34,0.7614266794746842,0.51070835803201,1.0,0.49158158810642955,0.9119131020606484,916.1158965236341,1205,0,0,1.0,1,0
20260514_003423,67,e1,PPO-OSD+Fuzzy+OP-CBRS-Source-e1,proxy,1,96.96000000000001,1,0.9636963696369637,5.364850117933852,96.96000000000001,0.5,0.39375000000000004,16,29,0.755718121483381,0.5114900106082043,1.0,0.46194470421797124,0.9101410239222972,916.4711518357747,1212,0,0,1.0,1,0
20260514_003423,68,e1,PPO-OSD+Fuzzy+OP-CBRS-Source-e1,proxy,1,91.84,2,0.9921602787456446,5.142604646556504,91.84,0.5,0.39375000000000004,16,31,0.800935276319964,0.5073684046789447,1.0,1.0,0.9128566087647575,903.6278823103847,0,1148,0,0.0,1,0
20260514_003423,69,e1,PPO-OSD+Fuzzy+OP-CBRS-Source-e1,proxy,1,92.48,3,0.9922145328719724,5.170728235345796,92.48,0.5,0.39375000000000004,16,35,0.7959500966548507,0.5099226087493819,1.0,0.8982412930870329,0.9136557190690692,906.3927891710478,0,1156,0,0.0,1,0
20260514_003423,70,e1,PPO-OSD+Fuzzy+OP-CBRS-Source-e1,proxy,1,93.68,3,0.9760888129803587,5.223391395938534,93.68,0.5,0.39375000000000004,16,50,0.7855721223720824,0.5096475844821275,1.0,0.6307004385220051,0.9145325941126857,910.0095555904442,1171,0,0,1.0,1,0
20260514_003423,71,e1,PPO-OSD+Fuzzy+OP-CBRS-Source-e1,proxy,1,99.76,1,0.9615076182838813,5.486922707599385,99.76,0.5,0.39375000000000004,16,31,0.7310785764967238,0.5031260740061871,1.0,0.01928982113183153,0.9072707264307728,927.0339782717879,0,1247,0,0.0,1,0
20260514_003423,72,e1,PPO-OSD+Fuzzy+OP-CBRS-Source-e1,proxy,1,95.36,2,0.9865771812080537,5.297376480411998,95.36,0.5,0.39375000000000004,16,10,0.7710877503924722,0.5083855165388306,1.0,0.5046444511585064,0.9147124238150048,914.3669662859097,1192,0,0,1.0,1,0
20260514_003423,73,e1,PPO-OSD+Fuzzy+OP-CBRS-Source-e1,proxy,1,96.4,1,0.975103734439834,5.3384909402486835,96.4,0.5,0.39375000000000004,16,31,0.7594994272062887,0.5125377889745114,1.0,0.3960921559909022,0.9113942355207353,915.2899701271594,1205,0,0,1.0,1,0
20260514_003423,74,e1,PPO-OSD+Fuzzy+OP-CBRS-Source-e1,proxy,1,94.48,1,0.9712108382726503,5.2587209541804105,94.48,0.5,0.39375000000000004,16,20,0.7787656650817768,0.5105804705455427,1.0,0.5362688085439226,0.9149730705179088,912.7545805679453,1181,0,0,1.0,1,0
20260514_003423,75,e1,PPO-OSD+Fuzzy+OP-CBRS-Source-e1,proxy,1,93.76,1,0.9863481228668942,5.228297236251783,93.76,0.5,0.39375000000000004,16,27,0.7855348954225156,0.5069341175036565,1.0,0.6230451540497749,0.9137013674108532,910.7996899548385,1172,0,0,1.0,1,0
20260514_003423,76,e1,PPO-OSD+Fuzzy+OP-CBRS-Source-e1,proxy,1,94.08,0,0.9923469387755102,5.2415185128576365,94.08,0.5,0.39375000000000004,16,13,0.7829440811357531,0.5120892553449952,1.0,0.5897211253392962,0.9143950483204604,913.2080092681654,1176,0,0,1.0,1,0
20260514_003423,77,e1,PPO-OSD+Fuzzy+OP-CBRS-Source-e1,proxy,1,96.08,0,0.9825145711906744,5.3277404585469315,96.08,0.5,0.39375000000000004,16,21,0.7643500674674155,0.5082171107410496,1.0,0.3705114415656556,0.9126831482511193,916.113348821976,1201,0,0,1.0,1,0
20260514_003423,78,e1,PPO-OSD+Fuzzy+OP-CBRS-Source-e1,proxy,1,92.48,1,0.9818339100346021,5.171201281392324,92.48,0.5,0.39375000000000004,16,38,0.7958455972347706,0.5072394031141866,1.0,0.7119566487092386,0.9128767028978659,908.3057322173676,0,1156,0,0.0,1,0
20260514_003423,79,e1,PPO-OSD+Fuzzy+OP-CBRS-Source-e1,proxy,1,92.64,3,0.9835924006908463,5.179152513752558,92.64,0.5,0.39375000000000004,16,42,0.7954839617528652,0.5079393350604487,1.0,0.66302207297687,0.9136145815050046,908.1323547283918,1158,0,0,1.0,1,0
20260514_003423,80,e1,PPO-OSD+Fuzzy+OP-CBRS-Source-e1,proxy,1,94.64,3,0.981403212172443,5.265184819477023,94.64,0.5,0.39375000000000004,16,36,0.7773559857049638,0.5108040997464076,1.0,0.46143300250958225,0.9147103113382185,912.7965104176749,1183,0,0,1.0,1,0
20260514_003423,81,e1,PPO-OSD+Fuzzy+OP-CBRS-Source-e1,proxy,1,90.32000000000001,3,0.9813994685562445,5.072436703075222,90.32000000000001,0.5,0.39375000000000004,16,30,0.8118067473252333,0.5007742313045681,1.0,0.8097335794632211,0.9094929653031535,899.632670658509,0,1129,0,0.0,1,0
20260514_003423,82,e1,PPO-OSD+Fuzzy+OP-CBRS-Source-e1,proxy,1,92.48,3,0.9783737024221453,5.170682315164246,92.48,0.5,0.39375000000000004,16,47,0.7957048326679167,0.5062229671280273,1.0,0.6775147449419592,0.9135145249351169,906.6542240202109,1156,0,0,1.0,1,0
20260514_003423,83,e1,PPO-OSD+Fuzzy+OP-CBRS-Source-e1,proxy,1,90.88,1,0.988556338028169,5.098890238480554,90.88,0.5,0.39375000000000004,16,28,0.8082146505812104,0.502426276408451,1.0,0.81472117122405,0.9113654825326637,902.8093561469027,0,1136,0,0.0,1,0
20260514_003423,84,e1,PPO-OSD+Fuzzy+OP-CBRS-Source-e1,proxy,1,91.76,2,0.984306887532694,5.1371975431982735,91.76,0.5,0.39375000000000004,16,11,0.8005481960727738,0.5041326753020302,1.0,0.6960179077676759,0.9123439922946668,904.6885222086123,1147,0,0,1.0,1,0
20260514_003423,85,e1,PPO-OSD+Fuzzy+OP-CBRS-Source-e1,proxy,1,94.48,1,0.9635901778154107,5.2594609394290766,94.48,0.5,0.39375000000000004,16,29,0.779485449005647,0.5100497459779847,1.0,0.48512793011324623,0.914478431891815,912.9881077322285,1181,0,0,1.0,1,0
20260514_003423,86,e1,PPO-OSD+Fuzzy+OP-CBRS-Source-e1,proxy,1,91.68,0,0.9589877835951134,5.133752623075978,91.68,0.5,0.39375000000000004,16,18,0.8013855392604182,0.5049746010969832,1.0,0.7690765117654011,0.9124553624706209,905.0910850671935,0,1146,0,0.0,1,0
20260514_003423,87,e1,PPO-OSD+Fuzzy+OP-CBRS-Source-e1,proxy,1,92.08,2,0.9800173761946134,5.15296682828112,92.08,0.5,0.39375000000000004,16,31,0.798958219594276,0.5042346717140372,1.0,0.6887764644360757,0.912705715827814,905.9845770808485,1151,0,0,1.0,1,0
20260514_003423,88,e1,PPO-OSD+Fuzzy+OP-CBRS-Source-e1,proxy,1,94.96000000000001,1,0.9713563605728728,5.27955413218546,94.96000000000001,0.5,0.39375000000000004,16,43,0.7747212329278398,0.5082696473703215,1.0,0.3841275202065577,0.914951792949073,913.6010100417318,1187,0,0,1.0,1,0
20260514_003423,89,e1,PPO-OSD+Fuzzy+OP-CBRS-Source-e1,proxy,1,94.88,5,0.978920741989882,5.277199080081143,94.88,0.5,0.39375000000000004,16,34,0.7762026624223233,0.5095760057817397,1.0,0.43791212062604135,0.9145650870635654,912.794871061312,1186,0,0,1.0,1,0
20260514_003423,90,e1,PPO-OSD+Fuzzy+OP-CBRS-Source-e1,proxy,1,92.16,2,0.9809027777777778,5.156345144486884,92.16,0.5,0.39375000000000004,16,33,0.7984043179442071,0.5067049541170634,1.0,0.6690892055711312,0.9132992652576947,906.5627121527967,1152,0,0,1.0,1,0
20260514_003423,91,e1,PPO-OSD+Fuzzy+OP-CBRS-Source-e1,proxy,1,93.92,2,0.9735945485519591,5.235898177589201,93.92,0.5,0.39375000000000004,16,16,0.7850517772226967,0.509055579216354,1.0,0.5089150425207462,0.9146225488077528,912.2351888918879,1174,0,0,1.0,1,0
20260514_003423,92,e1,PPO-OSD+Fuzzy+OP-CBRS-Source-e1,proxy,1,92.88,1,0.9905254091300603,5.188931820690164,92.88,0.5,0.39375000000000004,16,35,0.7923770811565984,0.5041282145933307,1.0,0.5671625917387592,0.9135733849041162,908.8057823085243,1161,0,0,1.0,1,0
20260514_003423,93,e1,PPO-OSD+Fuzzy+OP-CBRS-Source-e1,proxy,1,95.84,0,0.9791318864774624,5.319911639812658,95.84,0.5,0.39375000000000004,16,16,0.7681546467224226,0.5077838063439071,1.0,0.3492052148482644,0.9141045375242554,920.3993746681638,0,1198,0,0.0,1,0
20260514_003423,94,e1,PPO-OSD+Fuzzy+OP-CBRS-Source-e1,proxy,1,88.48,0,0.976491862567812,4.988854002969402,88.48,0.5,0.39375000000000004,16,34,0.8264043223092612,0.5002567166106952,1.0,1.0,0.9075829566954526,893.7710030599195,0,1106,0,0.0,1,0
20260514_003423,95,e1,PPO-OSD+Fuzzy+OP-CBRS-Source-e1,proxy,1,93.2,1,0.9793991416309012,5.202928396022562,93.2,0.5,0.39375000000000004,16,21,0.7898345096044787,0.5076601778050273,1.0,0.5653612620052048,0.9128267959364472,909.4172950290709,1165,0,0,1.0,1,0
20260514_003423,96,e1,PPO-OSD+Fuzzy+OP-CBRS-Source-e1,proxy,1,92.96000000000001,1,0.9707401032702238,5.1922269764682065,92.96000000000001,0.5,0.39375000000000004,16,30,0.7919238079691918,0.5065020285222519,1.0,0.5704279962307028,0.9130860988397138,908.5415407824495,1162,0,0,1.0,1,0
20260514_003423,97,e1,PPO-OSD+Fuzzy+OP-CBRS-Source-e1,proxy,1,94.24,1,0.9702886247877759,5.250468366564828,94.24,0.5,0.39375000000000004,16,26,0.782356086403688,0.5076461314576761,1.0,0.470001864041481,0.9146731925050946,912.73206909354,1178,0,0,1.0,1,0
20260514_003423,98,e1,PPO-OSD+Fuzzy+OP-CBRS-Source-e1,proxy,1,93.44,2,0.9845890410958904,5.214161796340182,93.44,0.5,0.39375000000000004,16,41,0.7883039601402332,0.5072598153131113,1.0,0.534123223564242,0.9137648312510434,910.0770009530811,1168,0,0,1.0,1,0
20260514_003423,99,e1,PPO-OSD+Fuzzy+OP-CBRS-Source-e1,proxy,1,92.88,2,0.9552110249784669,5.188544816031127,92.88,0.5,0.39375000000000004,16,24,0.7922385691903359,0.5063807370493413,1.0,0.6085914483953647,0.9137707797552675,907.5629517110199,1161,0,0,1.0,1,0
20260514_003423,100,e1,PPO-OSD+Fuzzy+OP-CBRS-Source-e1,proxy,1,93.52,0,0.9880239520958084,5.2177606779454315,93.52,0.5,0.39375000000000004,16,14,0.7880144567954632,0.5098985702065252,1.0,0.5857975550687777,0.9133765060380864,911.3112519833813,1169,0,0,1.0,1,0
20260514_003423,101,e1,PPO-OSD+Fuzzy+OP-CBRS-Source-e1,proxy,1,90.72,3,0.9841269841269841,5.089413823439626,90.72,0.5,0.39375000000000004,16,60,0.8081650255113262,0.504592624086672,1.0,0.8412583644607137,0.9110283996474027,900.7663731720653,0,1134,0,0.0,1,0
20260514_003423,102,e1,PPO-OSD+Fuzzy+OP-CBRS-Source-e1,proxy,1,96.56,3,0.9643744821872411,5.349131262997472,96.56,0.5,0.39375000000000004,16,28,0.7605924404842753,0.5091231210794182,1.0,0.29247489854242814,0.9123105295744496,920.0295461317905,0,1207,0,0.0,1,0
20260514_003423,103,e1,PPO-OSD+Fuzzy+OP-CBRS-Source-e1,proxy,1,93.44,2,0.978595890410959,5.214519935639121,93.44,0.5,0.39375000000000004,16,39,0.7884372030831364,0.5082207069471623,1.0,0.7309781913218363,0.9131711611258972,910.213262698593,0,1168,0,0.0,1,0
20260514_003423,104,e1,PPO-OSD+Fuzzy+OP-CBRS-Source-e1,proxy,1,92.88,2,0.9862187769164513,5.190906837476355,92.88,0.5,0.39375000000000004,16,40,0.7938148773609822,0.5053963639719449,1.0,0.7397809883992754,0.9134847566111345,909.3193903645373,0,1161,0,0.0,1,0
20260514_003423,105,e1,PPO-OSD+Fuzzy+OP-CBRS-Source-e1,proxy,1,98.08,1,0.9559543230016313,5.413656296065676,98.08,0.5,0.39375000000000004,16,37,0.7457068129693315,0.5047191796783972,1.0,0.1335723219414439,0.9084121952204468,923.284475288843,0,1226,0,0.0,1,0
20260514_003423,106,e1,PPO-OSD+Fuzzy+OP-CBRS-Source-e1,proxy,1,97.12,1,0.985996705107084,5.371265660498162,97.12,0.5,0.39375000000000004,16,10,0.7540238672956407,0.5081783949164516,1.0,0.2838246274437987,0.9097194352749418,921.497328241638,0,1214,0,0.0,1,0
20260514_003423,107,e1,PPO-OSD+Fuzzy+OP-CBRS-Source-e1,proxy,1,93.52,4,0.979469632164243,5.216645555718271,93.52,0.5,0.39375000000000004,16,44,0.7871167369129517,0.5088285164365144,1.0,0.5906034093211058,0.9137703195066349,909.4537912449362,1169,0,0,1.0,1,0
20260514_003423,108,e1,PPO-OSD+Fuzzy+OP-CBRS-Source-e1,proxy,1,95.2,3,0.9798319327731092,5.290487057044141,95.2,0.5,0.39375000000000004,16,42,0.7725576209170478,0.5082968187274912,1.0,0.386612453069234,0.915068983000831,913.8061037599499,1190,0,0,1.0,1,0
20260514_003423,109,e1,PPO-OSD+Fuzzy+OP-CBRS-Source-e1,proxy,1,96.24000000000001,1,0.9467996674979219,5.334385768232411,96.24000000000001,0.5,0.39375000000000004,16,33,0.7626269933638331,0.5076000475002973,1.0,0.2620183899149938,0.913393841472413,920.1304255125249,0,1203,0,0.0,1,0
20260514_003423,110,e1,PPO-OSD+Fuzzy+OP-CBRS-Source-e1,proxy,1,93.60000000000001,2,0.9871794871794872,5.220794766789232,93.60000000000001,0.5,0.39375000000000004,16,35,0.786228160878532,0.5066918498168494,1.0,0.5948017063303004,0.9143857697453133,910.0207515018053,1170,0,0,1.0,1,0
20260514_003423,111,e1,PPO-OSD+Fuzzy+OP-CBRS-Source-e1,proxy,1,95.12,4,0.9823380992430614,5.287137612556051,95.12,0.5,0.39375000000000004,16,42,0.7735215763618607,0.5099280607953864,1.0,0.4943199683853995,0.9148547284268271,913.2454683200045,1189,0,0,1.0,1,0
20260514_003423,112,e1,PPO-OSD+Fuzzy+OP-CBRS-Source-e1,proxy,1,93.76,1,0.9889078498293515,5.226857814920412,93.76,0.5,0.39375000000000004,16,35,0.7851062679453514,0.5103767979034616,1.0,0.582659515098166,0.9139692574152467,911.4834752443089,1172,0,0,1.0,1,0
20260514_003423,113,e1,PPO-OSD+Fuzzy+OP-CBRS-Source-e1,proxy,1,89.2,2,0.9856502242152466,5.019064526855392,89.2,0.5,0.39375000000000004,16,25,0.8188809007005307,0.5020627802690586,1.0,1.0,0.90770434859572,894.2020366709042,0,1115,0,0.0,1,0
20260514_003423,114,e1,PPO-OSD+Fuzzy+OP-CBRS-Source-e1,proxy,1,88.8,1,0.9882882882882883,5.003797892473331,88.8,0.5,0.39375000000000004,16,32,0.8235663377218418,0.4975136743886745,1.0,1.0,0.9078490863991182,894.2292954483827,0,1110,0,0.0,1,0
20260514_003423,115,e1,PPO-OSD+Fuzzy+OP-CBRS-Source-e1,proxy,1,90.48,4,0.9770114942528736,5.079528270087007,90.48,0.5,0.39375000000000004,16,43,0.8105514346762741,0.5024046355942912,1.0,0.8703985605447772,0.9101736728140939,899.2156094358181,0,1131,0,0.0,1,0
20260514_003423,116,e1,PPO-OSD+Fuzzy+OP-CBRS-Source-e1,proxy,1,94.96000000000001,3,0.9764111204717776,5.279994126937506,94.96000000000001,0.5,0.39375000000000004,16,44,0.7746954899478983,0.5076385545793719,1.0,0.4306383713461657,0.9149588322701837,913.0522477471507,1187,0,0,1.0,1,0
20260514_003423,117,e1,PPO-OSD+Fuzzy+OP-CBRS-Source-e1,proxy,1,90.8,1,0.9938325991189427,5.093530631134459,90.8,0.5,0.39375000000000004,16,32,0.8074945390355744,0.5036264946507241,1.0,0.8997859834871579,0.9102242227359273,900.9120580773986,0,1135,0,0.0,1,0
20260514_003423,118,e1,PPO-OSD+Fuzzy+OP-CBRS-Source-e1,proxy,1,95.76,0,0.9657477025898078,5.314608093613167,95.76,0.5,0.39375000000000004,16,38,0.7676918822571748,0.5084661057405421,1.0,0.3784946604383746,0.9135522276115907,915.2437907358664,1197,0,0,1.0,1,0
20260514_003423,119,e1,PPO-OSD+Fuzzy+OP-CBRS-Source-e1,proxy,1,93.28,1,0.9802744425385935,5.207082037743749,93.28,0.4993642484995337,0.3930347795619754,16,27,0.7894494183885499,0.5069322776280321,0.991523313327112,0.6599065648108251,0.9138553572093847,909.4465111764912,1166,0,0,1.0,1,0
20260514_003423,120,e1,PPO-OSD+Fuzzy+OP-CBRS-Source-e1,proxy,1,91.2,2,0.9921052631578947,5.1122414503022116,91.2,0.5,0.39375000000000004,16,13,0.8047253627787556,0.5034124373433585,1.0,0.8443185969386211,0.9110025306194143,902.531744708612,0,1140,0,0.0,1,0
20260514_003423,121,e1,PPO-OSD+Fuzzy+OP-CBRS-Source-e1,proxy,1,89.12,4,0.9838420107719928,5.017097027266439,89.12,0.5,0.39375000000000004,16,48,0.8197201465789891,0.49755145550141094,1.0,1.0,0.9074961485249292,892.9802136659731,0,1114,0,0.0,1,0
20260514_003423,122,e1,PPO-OSD+Fuzzy+OP-CBRS-Source-e1,proxy,1,92.16,2,0.9756944444444444,5.157084856893212,92.16,0.5,0.39375000000000004,16,31,0.7985528176909106,0.5045386904761905,1.0,0.7131146964725219,0.9120671644787183,906.58763393041,0,1152,0,0.0,1,0
20260514_003423,123,e1,PPO-OSD+Fuzzy+OP-CBRS-Source-e1,proxy,1,90.8,2,0.9770925110132158,5.094706193113619,90.8,0.5,0.39375000000000004,16,35,0.8082091661014221,0.5020571113908121,1.0,0.8544088420469509,0.9097911298492776,900.597001097206,0,1135,0,0.0,1,0
20260514_003423,124,e1,PPO-OSD+Fuzzy+OP-CBRS-Source-e1,proxy,1,97.68,3,0.9811629811629812,5.395889371257751,97.68,0.5,0.39375000000000004,16,47,0.7489593731732177,0.505408330408331,1.0,0.1856069539666059,0.9089429352914685,921.8314331354152,0,1221,0,0.0,1,0
20260514_003423,125,e1,PPO-OSD+Fuzzy+OP-CBRS-Source-e1,proxy,1,95.52,2,0.957286432160804,5.3043684900038155,95.52,0.4980138876363159,0.39151562359085534,16,24,0.7698531171035528,0.5096120483369231,0.9735185018175606,0.3919100688924582,0.9145872006258287,914.488411653247,1194,0,0,1.0,1,0
20260514_003423,126,e1,PPO-OSD+Fuzzy+OP-CBRS-Source-e1,proxy,1,92.8,1,0.9818965517241379,5.184765732378983,92.8,0.5,0.39375000000000004,16,29,0.7929099975603408,0.5065332512315267,1.0,0.6016199641831733,0.9135208268424573,908.3822296446245,1160,0,0,1.0,1,0
20260514_003423,127,e1,PPO-OSD+Fuzzy+OP-CBRS-Source-e1,proxy,1,94.64,4,0.9256128486897718,5.2670664902771005,94.64,0.5,0.39375000000000004,16,42,0.7781923825672291,0.5086032785895422,1.0,0.44369787358097273,0.9145124596043709,911.4821063996069,1183,0,0,1.0,1,0
20260514_003423,128,e1,PPO-OSD+Fuzzy+OP-CBRS-Source-e1,proxy,1,96.16,5,0.9792013311148087,5.3295513139203425,96.16,0.5,0.39375000000000004,16,53,0.7623816925951724,0.5088565188970768,1.0,0.28001659369997617,0.9139437302130928,918.4849463115577,0,1202,0,0.0,1,0
20260514_003423,129,e1,PPO-OSD+Fuzzy+OP-CBRS-Source-e1,proxy,1,96.96000000000001,4,0.9694719471947195,5.365502573489822,96.96000000000001,0.5,0.39375000000000004,16,34,0.7561410594202898,0.5076747406883552,1.0,0.2439910451758266,0.9116458811668383,920.4968374833747,0,1212,0,0.0,1,0
20260514_003423,130,e1,PPO-OSD+Fuzzy+OP-CBRS-Source-e1,proxy,1,93.68,4,0.982066609735269,5.22489835436643,93.68,0.5,0.39375000000000004,16,33,0.7863421981961782,0.5082209954861533,1.0,0.6087714565356835,0.9137768700751089,909.9147568665393,1171,0,0,1.0,1,0
20260514_003423,131,e1,PPO-OSD+Fuzzy+OP-CBRS-Source-e1,proxy,1,95.28,1,0.979009235936188,5.294525645486323,95.28,0.5,0.39375000000000004,16,21,0.7724442960933714,0.508885840230299,1.0,0.48688180851741936,0.9144062038198001,915.0292364047281,1191,0,0,1.0,1,0
20260514_003423,132,e1,PPO-OSD+Fuzzy+OP-CBRS-Source-e1,proxy,1,95.52,3,0.9530988274706867,5.304103234771106,95.52,0.5,0.39375000000000004,16,35,0.7699474264029882,0.5121268545106489,1.0,0.47702244665465965,0.9150969316258889,914.3122763720479,1194,0,0,1.0,1,0
20260514_003423,133,e1,PPO-OSD+Fuzzy+OP-CBRS-Source-e1,proxy,1,89.36,1,0.9937332139659804,5.028247361436531,89.36,0.5,0.39375000000000004,16,50,0.818797133856302,0.5002709745491755,1.0,1.0,0.9072097410888127,895.5915781517836,0,1117,0,0.0,1,0
20260514_003423,134,e1,PPO-OSD+Fuzzy+OP-CBRS-Source-e1,proxy,1,93.60000000000001,2,0.9692307692307692,5.2200598706658035,93.60000000000001,0.5,0.39375000000000004,16,22,0.7862105493616854,0.5091063797313795,1.0,0.5682914673144628,0.9139852923380911,910.0340899121513,1170,0,0,1.0,1,0
20260514_003423,135,e1,PPO-OSD+Fuzzy+OP-CBRS-Source-e1,proxy,1,91.28,2,0.9833479404031551,5.116466977615266,91.28,0.5,0.39375000000000004,16,50,0.804768620040937,0.5041544071616378,1.0,0.8170276455494115,0.9115137777018073,903.2174193067722,0,1141,0,0.0,1,0
20260514_003423,136,e1,PPO-OSD+Fuzzy+OP-CBRS-Source-e1,proxy,1,92.0,0,0.9773913043478261,5.14800680725049,92.0,0.5,0.39375000000000004,16,55,0.7988134161544883,0.5077562111801244,1.0,0.7488799066790961,0.9127806727428914,906.8702995293642,0,1150,0,0.0,1,0
20260514_003423,137,e1,PPO-OSD+Fuzzy+OP-CBRS-Source-e1,proxy,1,92.48,1,0.986159169550173,5.169743422926778,92.48,0.5,0.39375000000000004,16,22,0.7949163885626,0.5053023047454275,1.0,0.6593826687078865,0.9128357397370646,907.1025919087546,1156,0,0,1.0,1,0
20260514_003423,138,e1,PPO-OSD+Fuzzy+OP-CBRS-Source-e1,proxy,1,98.88,2,0.9668284789644013,5.447096979646846,98.88,0.5,0.39375000000000004,16,34,0.7377276563818015,0.5023079923717066,1.0,0.05495702554178154,0.9072052685667227,924.4001109292896,0,1236,0,0.0,1,0
20260514_003423,139,e1,PPO-OSD+Fuzzy+OP-CBRS-Source-e1,proxy,1,93.84,1,0.9522591645353794,5.231136466599782,93.84,0.5,0.39375000000000004,16,43,0.7847342976676229,0.5099866033369868,1.0,0.6223827292332852,0.9144203994284481,910.8953527352108,1173,0,0,1.0,1,0
20260514_003423,140,e1,PPO-OSD+Fuzzy+OP-CBRS-Source-e1,proxy,1,95.68,1,0.9882943143812709,5.311407639090866,95.68,0.5,0.39375000000000004,16,38,0.7682466021548944,0.5087986741519354,1.0,0.4085308188812215,0.9147900581860376,915.4053950689081,1196,0,0,1.0,1,0
20260514_003423,141,e1,PPO-OSD+Fuzzy+OP-CBRS-Source-e1,proxy,1,94.64,1,0.9856297548605241,5.266101275332892,94.64,0.5,0.39375000000000004,16,20,0.7779537981985387,0.5113807209274241,1.0,0.5478623239207445,0.9146632497129592,913.8670057746644,1183,0,0,1.0,1,0
20260514_003423,142,e1,PPO-OSD+Fuzzy+OP-CBRS-Source-e1,proxy,1,91.04,1,0.9850615114235501,5.1061897659208455,91.04,0.5,0.39375000000000004,16,22,0.8066884412549711,0.5015817223198596,1.0,0.8243287874526908,0.9113253394199621,902.4527854000731,0,1138,0,0.0,1,0
20260514_003423,143,e1,PPO-OSD+Fuzzy+OP-CBRS-Source-e1,proxy,1,96.16,1,0.9833610648918469,5.3316326413181905,96.16,0.5,0.39375000000000004,16,21,0.7638494835270819,0.5080973674827673,1.0,0.32033780371131204,0.913905438796331,920.2801570206117,0,1202,0,0.0,1,0
20260514_003423,144,e1,PPO-OSD+Fuzzy+OP-CBRS-Source-e1,proxy,1,89.84,4,0.9910952804986642,5.050313834606288,89.84,0.5,0.39375000000000004,16,18,0.8153303511580079,0.5005915277954461,1.0,0.9653805347862694,0.9077781801286564,896.1682184598001,0,1123,0,0.0,1,0
20260514_003423,145,e1,PPO-OSD+Fuzzy+OP-CBRS-Source-e1,proxy,1,95.04,0,0.9814814814814815,5.282884507447803,95.04,0.5,0.39375000000000004,16,17,0.7740220979909704,0.5098567520442523,1.0,0.42483997414383573,0.9152407164613366,914.9667533146253,1188,0,0,1.0,1,0
20260514_003423,146,e1,PPO-OSD+Fuzzy+OP-CBRS-Source-e1,proxy,1,94.8,3,0.9873417721518988,5.27302548878766,94.8,0.5,0.39375000000000004,16,25,0.7760077808979694,0.5085322483423751,1.0,0.4551585544974589,0.9152691983821198,913.0813000935972,1185,0,0,1.0,1,0
20260514_003423,147,e1,PPO-OSD+Fuzzy+OP-CBRS-Source-e1,proxy,1,98.56,0,0.9699675324675324,5.432880109975275,98.56,0.5,0.39375000000000004,16,40,0.7404020785825787,0.5029829545454553,1.0,0.03550137738668923,0.9072285490654809,924.8434699073308,0,1232,0,0.0,1,0
20260514_003423,148,e1,PPO-OSD+Fuzzy+OP-CBRS-Source-e1,proxy,1,96.24000000000001,2,0.9542809642560266,5.334027531605507,96.24000000000001,0.5,0.39375000000000004,16,32,0.7622548125479881,0.5067977377983618,1.0,0.25782060441425386,0.9132905173386141,919.5475017739792,0,1203,0,0.0,1,0
20260514_003423,149,e1,PPO-OSD+Fuzzy+OP-CBRS-Source-e1,proxy,1,94.08,2,0.9787414965986394,5.242717594406079,94.08,0.5,0.39375000000000004,16,22,0.7832678998662096,0.508293853255588,1.0,0.47867237798754037,0.9146095038366048,912.0137388541556,1176,0,0,1.0,1,0
20260514_003423,150,e1,PPO-OSD+Fuzzy+OP-CBRS-Source-e1,proxy,1,92.48,1,0.9844290657439446,5.170378416286888,92.48,0.5,0.39375000000000004,16,26,0.7954597774003617,0.5091409725654964,1.0,0.6697945443893333,0.9128625654924162,907.7689119881983,1156,0,0,1.0,1,0
20260514_003423,151,e1,PPO-OSD+Fuzzy+OP-CBRS-Source-e1,proxy,1,92.16,2,0.9722222222222222,5.156801993294614,92.16,0.5,0.39375000000000004,16,16,0.7976274121449225,0.5027266245039684,1.0,0.6686519377136331,0.912685258617683,905.435334898619,1152,0,0,1.0,1,0
20260514_003423,152,e1,PPO-OSD+Fuzzy+OP-CBRS-Source-e1,proxy,1,94.96000000000001,3,0.97893850042123,5.281621572174756,94.96000000000001,0.5,0.39375000000000004,16,27,0.7760644284184479,0.5091835660127574,1.0,0.5065391338389393,0.9146604380888512,913.6348788904365,1187,0,0,1.0,1,0
20260514_003423,153,e1,PPO-OSD+Fuzzy+OP-CBRS-Source-e1,proxy,1,94.56,2,0.9805414551607445,5.2633508881599465,94.56,0.5,0.39375000000000004,16,33,0.7786748895891225,0.5083726130045926,1.0,0.4973068429908379,0.9142184577041442,912.9126414030547,1182,0,0,1.0,1,0
20260514_003423,154,e1,PPO-OSD+Fuzzy+OP-CBRS-Source-e1,proxy,1,97.84,5,0.8618152085036794,5.402199768979269,97.84,0.5,0.39375000000000004,16,41,0.7470543018541469,0.5059141747459414,1.0,0.2029669969694776,0.9085794199258337,919.4967330574634,0,1223,0,0.0,1,0
20260514_003423,155,e1,PPO-OSD+Fuzzy+OP-CBRS-Source-e1,proxy,1,99.84,0,0.9727564102564102,5.48881244933934,99.84,0.5,0.39375000000000004,16,35,0.7291120476543139,0.5027393830128215,1.0,0.09415976907022054,0.9071717892410769,926.099233186342,0,1248,0,0.0,1,0
20260514_003423,156,e1,PPO-OSD+Fuzzy+OP-CBRS-Source-e1,proxy,1,94.72,2,0.9822635135135135,5.2692568367943196,94.72,0.5,0.39375000000000004,16,45,0.7766209909994457,0.5127586570945949,1.0,0.6896432468564648,0.9142653730095934,912.9171411696606,1184,0,0,1.0,1,0
20260514_003423,157,e1,PPO-OSD+Fuzzy+OP-CBRS-Source-e1,proxy,1,94.88,5,0.9873524451939292,5.278159616662441,94.88,0.5,0.39375000000000004,16,42,0.7768685833423777,0.5102543061912793,1.0,0.6634340261642825,0.9149263908715806,913.0319440944294,1186,0,0,1.0,1,0
20260514_003423,158,e1,PPO-OSD+Fuzzy+OP-CBRS-Source-e1,proxy,1,95.28,4,0.966414777497901,5.2934913593098605,95.28,0.5,0.39375000000000004,16,51,0.7719200538748158,0.5121708948062854,1.0,0.603190212209362,0.9149325709782037,913.0969288911873,1191,0,0,1.0,1,0
20260514_003423,159,e1,PPO-OSD+Fuzzy+OP-CBRS-Source-e1,proxy,1,93.36,1,0.9854327335047129,5.209849729959567,93.36,0.5,0.39375000000000004,16,6,0.7884387855817849,0.5122689435671443,1.0,0.8070583627055596,0.9134668775512137,910.0796564386286,0,1167,0,0.0,1,0
20260514_003423,160,e1,PPO-OSD+Fuzzy+OP-CBRS-Source-e1,proxy,1,90.32000000000001,2,0.9813994685562445,5.073286732355937,90.32000000000001,0.5,0.39375000000000004,16,30,0.8119517606744944,0.5014844046564598,1.0,0.9583948657057947,0.90982870767355,898.6764758593266,0,1129,0,0.0,1,0
20260514_003423,161,e1,PPO-OSD+Fuzzy+OP-CBRS-Source-e1,proxy,1,95.76,0,0.9732664995822891,5.314189159260457,95.76,0.5,0.39375000000000004,16,20,0.7674186399506845,0.509026285952978,1.0,0.42861259501250687,0.9146999675867166,915.7431985475537,1197,0,0,1.0,1,0
20260514_003423,162,e1,PPO-OSD+Fuzzy+OP-CBRS-Source-e1,proxy,1,96.88,0,0.9752270850536746,5.359195120875027,96.88,0.5,0.39375000000000004,16,13,0.7550296486900623,0.5090929869057454,1.0,0.24145111114853493,0.9100630683989757,921.1241327921871,0,1211,0,0.0,1,0
20260514_003423,163,e1,PPO-OSD+Fuzzy+OP-CBRS-Source-e1,proxy,1,95.04,3,0.9730639730639731,5.2830047324026,95.04,0.5,0.39375000000000004,16,19,0.7739036387767053,0.5104482323232327,1.0,0.4815663080633565,0.9151497120088474,913.3046659466357,1188,0,0,1.0,1,0
20260514_003423,164,e1,PPO-OSD+Fuzzy+OP-CBRS-Source-e1,proxy,1,93.28,1,0.9871355060034306,5.20560644278954,93.28,0.5,0.39375000000000004,16,0,0.7884987555635936,0.5088175385934816,1.0,0.7352397858275844,0.9131370062269951,909.4015925802219,0,1166,0,0.0,1,0
20260514_003423,165,e1,PPO-OSD+Fuzzy+OP-CBRS-Source-e1,proxy,1,93.84,2,0.9812446717817562,5.232314980650231,93.84,0.5,0.39375000000000004,16,28,0.7846124609209794,0.5055002435756908,1.0,0.701862960129768,0.9135815477351747,910.7739631235875,0,1173,0,0.0,1,0
20260514_003423,166,e1,PPO-OSD+Fuzzy+OP-CBRS-Source-e1,proxy,1,91.76,4,0.9895379250217959,5.139977086186394,91.76,0.5,0.39375000000000004,16,57,0.8023327220078645,0.5041124361688878,1.0,0.8415694214360205,0.9126596220872374,903.9370276257825,0,1147,0,0.0,1,0
20260514_003423,167,e1,PPO-OSD+Fuzzy+OP-CBRS-Source-e1,proxy,1,96.96000000000001,1,0.9595709570957096,5.365434214348873,96.96000000000001,0.5,0.39375000000000004,16,33,0.7558827898634148,0.5067870403111744,1.0,0.2369006024191912,0.9117373465541156,921.4444370132027,0,1212,0,0.0,1,0
20260514_003423,168,e1,PPO-OSD+Fuzzy+OP-CBRS-Source-e1,proxy,1,92.48,2,0.9930795847750865,5.169560480488741,92.48,0.5,0.39375000000000004,16,26,0.7948094667757258,0.5067752100840336,1.0,0.7251275237105397,0.9132338595506625,907.2947088308729,0,1156,0,0.0,1,0
20260514_003423,169,e1,PPO-OSD+Fuzzy+OP-CBRS-Source-e1,proxy,1,94.8,3,0.9915611814345991,5.272011027902121,94.8,0.5,0.39375000000000004,16,40,0.7756208598110746,0.509164406268837,1.0,0.43330851744371995,0.9144614971561648,912.9901725247314,1185,0,0,1.0,1,0
20260514_003423,170,e1,PPO-OSD+Fuzzy+OP-CBRS-Source-e1,proxy,1,97.28,2,0.975328947368421,5.379656847162473,97.28,0.5,0.39375000000000004,16,82,0.7533962362151789,0.5065275493421059,1.0,0.14383889116643914,0.9100241716058871,922.5222640567008,0,1216,0,0.0,1,0
20260514_003423,171,e1,PPO-OSD+Fuzzy+OP-CBRS-Source-e1,proxy,1,96.96000000000001,2,0.9702970297029703,5.363797285291605,96.96000000000001,0.5,0.39375000000000004,16,38,0.7551721366423585,0.5094715051862336,1.0,0.19807401636768607,0.910605859750502,921.3212897260062,0,1212,0,0.0,1,0
20260514_003423,172,e1,PPO-OSD+Fuzzy+OP-CBRS-Source-e1,proxy,1,92.16,2,0.9861111111111112,5.1563365760603865,92.16,0.5,0.39375000000000004,16,37,0.7982321178230146,0.5057686941964286,1.0,0.6805412872521102,0.9129006761278207,906.1828780843617,1152,0,0,1.0,1,0
20260514_003423,173,e1,PPO-OSD+Fuzzy+OP-CBRS-Source-e1,proxy,1,95.36,4,0.9773489932885906,5.297596971383585,95.36,0.5,0.39375000000000004,16,37,0.7716098176502941,0.5091218240651969,1.0,0.30267247590433544,0.9151392712762285,918.234550455847,0,1192,0,0.0,1,0
20260514_003423,174,e1,PPO-OSD+Fuzzy+OP-CBRS-Source-e1,proxy,1,93.92,0,0.9906303236797275,5.234301814832503,93.92,0.5,0.39375000000000004,16,25,0.7838400198206991,0.5079254380627887,1.0,0.48142987134814197,0.9141622204958924,912.3751174461629,1174,0,0,1.0,1,0
20260514_003423,175,e1,PPO-OSD+Fuzzy+OP-CBRS-Source-e1,proxy,1,92.08,0,0.9852302345786272,5.1532497324802815,92.08,0.5,0.39375000000000004,16,16,0.799191396071743,0.5050049646270324,1.0,0.6662986994814426,0.9125858598933274,906.7964407828838,1151,0,0,1.0,1,0
20260514_003423,176,e1,PPO-OSD+Fuzzy+OP-CBRS-Source-e1,proxy,1,91.36,1,0.9877408056042032,5.120542004892127,91.36,0.5,0.39375000000000004,16,38,0.8045579531668782,0.5028959219414563,1.0,0.6939825283094845,0.9120837838711925,904.2960022935254,1142,0,0,1.0,1,0
20260514_003423,177,e1,PPO-OSD+Fuzzy+OP-CBRS-Source-e1,proxy,1,92.72,0,0.9896462467644521,5.182250437573905,92.72,0.5,0.39375000000000004,16,37,0.7940901885061453,0.5041253235547882,1.0,0.5799490481699995,0.9134679407984281,908.8354291975672,1159,0,0,1.0,1,0
20260514_003423,178,e1,PPO-OSD+Fuzzy+OP-CBRS-Source-e1,proxy,1,92.64,0,0.968048359240069,5.1778996456062725,92.64,0.5,0.39375000000000004,16,4,0.7945664643160419,0.5060610967184799,1.0,0.5848650274790542,0.913264481345216,908.3030954813986,1158,0,0,1.0,1,0
20260514_003423,179,e1,PPO-OSD+Fuzzy+OP-CBRS-Source-e1,proxy,1,92.48,0,0.9662629757785467,5.169956613759644,92.48,0.4976182603965667,0.3910705429461375,16,32,0.7948900687550179,0.5041043623331684,0.9682434719542145,0.605444266032082,0.9132634575231399,906.7931430290425,1156,0,0,1.0,1,0
20260514_003423,180,e1,PPO-OSD+Fuzzy+OP-CBRS-Source-e1,proxy,1,89.60000000000001,0,0.9357142857142857,5.039313476622259,89.60000000000001,0.5,0.39375000000000004,16,24,0.8174303120800427,0.4993813775510206,1.0,0.8079792875495607,0.9080952268365464,897.8144975683325,0,1120,0,0.0,1,0
20260514_003423,181,e1,PPO-OSD+Fuzzy+OP-CBRS-Source-e1,proxy,1,94.72,4,0.9797297297297297,5.26974171282458,94.72,0.5,0.39375000000000004,16,35,0.7771479452431604,0.5078486969111969,1.0,0.3144969314448028,0.9147958072153248,916.162967773658,0,1184,0,0.0,1,0
20260514_003423,182,e1,PPO-OSD+Fuzzy+OP-CBRS-Source-e1,proxy,1,94.0,1,0.9761702127659575,5.238079273702195,94.0,0.4961948036227544,0.3894691540755987,16,33,0.7831814317246701,0.5065653495440726,0.9492640483033729,0.4552611865487987,0.9141351946965642,911.8680683830734,1175,0,0,1.0,1,0
20260514_003423,183,e1,PPO-OSD+Fuzzy+OP-CBRS-Source-e1,proxy,1,94.08,1,0.9863945578231292,5.24224955812546,94.08,0.5,0.39375000000000004,16,21,0.7828265465289151,0.5058468476676381,1.0,0.40426956844191886,0.9141187344055995,911.9183884676969,1176,0,0,1.0,1,0
20260514_003423,184,e1,PPO-OSD+Fuzzy+OP-CBRS-Source-e1,proxy,1,93.92,0,0.9821124361158433,5.236314123350694,93.92,0.5,0.39375000000000004,16,7,0.7850120481884256,0.5060058712582134,1.0,0.43708662143784505,0.914526153719693,912.4351141497627,1174,0,0,1.0,1,0
20260514_003423,185,e1,PPO-OSD+Fuzzy+OP-CBRS-Source-e1,proxy,1,93.36,2,0.9777206512425022,5.210817349922277,93.36,0.5,0.39375000000000004,16,21,0.7890758604807229,0.5066203023625898,1.0,0.5070268118780532,0.9133727129607927,909.3296264749965,1167,0,0,1.0,1,0
20260514_003423,186,e1,PPO-OSD+Fuzzy+OP-CBRS-Source-e1,proxy,1,96.08,3,0.9858451290591174,5.328627504075148,96.08,0.5,0.39375000000000004,16,38,0.7648470859593098,0.5061853217556801,1.0,0.23537531769952524,0.9137235879414699,919.9565035925132,0,1201,0,0.0,1,0
20260514_003423,187,e1,PPO-OSD+Fuzzy+OP-CBRS-Source-e1,proxy,1,96.64,3,0.956953642384106,5.351911396271108,96.64,0.5,0.39375000000000004,16,45,0.7592771448046955,0.5070896404919589,1.0,0.16725363881771793,0.9121662689895608,920.8185516046956,0,1208,0,0.0,1,0
20260514_003423,188,e1,PPO-OSD+Fuzzy+OP-CBRS-Source-e1,proxy,1,93.28,0,0.9708404802744426,5.206715522867569,93.28,0.5,0.39375000000000004,16,16,0.7895317252463379,0.507132136731193,1.0,0.5361484090489751,0.9135862254594758,910.0324420601337,1166,0,0,1.0,1,0
20260514_003423,189,e1,PPO-OSD+Fuzzy+OP-CBRS-Source-e1,proxy,1,94.48,0,0.9813717188823031,5.260686060235931,94.48,0.5,0.39375000000000004,16,13,0.7801921704025414,0.507603272045482,1.0,0.37142591601049296,0.9146358991707019,913.7119824680782,1181,0,0,1.0,1,0
20260514_003423,190,e1,PPO-OSD+Fuzzy+OP-CBRS-Source-e1,proxy,1,92.56,0,0.986171132238548,5.174198188631599,92.56,0.5,0.39375000000000004,16,46,0.7951080528898494,0.5057375910606245,1.0,0.5652598582137571,0.9130225355900717,908.24890449735,1157,0,0,1.0,1,0
20260514_003423,191,e1,PPO-OSD+Fuzzy+OP-CBRS-Source-e1,proxy,1,93.52,0,0.9914456800684346,5.216346684634347,93.52,0.5,0.39375000000000004,16,17,0.7869118408477643,0.5075117621899056,1.0,0.4809327927366151,0.914375656408451,911.1643559948179,1169,0,0,1.0,1,0
20260514_003423,192,e1,PPO-OSD+Fuzzy+OP-CBRS-Source-e1,proxy,1,93.04,0,0.9673258813413586,5.196316283109556,93.04,0.49453721862504485,0.38760437095317546,16,18,0.7912231959460219,0.503998280309544,0.9271629150006095,0.6100035821199397,0.9128149056721537,909.1532399959962,1163,0,0,1.0,1,0
20260514_003423,193,e1,PPO-OSD+Fuzzy+OP-CBRS-Source-e1,proxy,1,94.08,1,0.9821428571428571,5.242494763688959,94.08,0.5,0.39375000000000004,16,29,0.7830827423833868,0.5069181243926139,1.0,0.47870510901930086,0.9141636817250666,911.8738428275418,1176,0,0,1.0,1,0
20260514_003423,194,e1,PPO-OSD+Fuzzy+OP-CBRS-Source-e1,proxy,1,94.64,0,0.9830938292476754,5.265943131334166,94.64,0.5,0.39375000000000004,16,33,0.7778315789248111,0.5094485871271587,1.0,0.4550044508739573,0.9152691140361863,913.9724841448507,1183,0,0,1.0,1,0
20260514_003423,195,e1,PPO-OSD+Fuzzy+OP-CBRS-Source-e1,proxy,1,90.48,3,0.9946949602122016,5.0791596323570625,90.48,0.5,0.39375000000000004,16,21,0.8102434433265453,0.5012859984842749,1.0,0.8374016249897273,0.9086294226649332,899.6956998215067,0,1131,0,0.0,1,0
20260514_003423,196,e1,PPO-OSD+Fuzzy+OP-CBRS-Source-e1,proxy,1,99.2,4,0.9685483870967742,5.461489848882903,99.2,0.5,0.39375000000000004,16,25,0.735049346425841,0.5013954493087563,1.0,0.0,0.906525135796232,924.5717147985172,0,1240,0,0.0,1,0
20260514_003423,197,e1,PPO-OSD+Fuzzy+OP-CBRS-Source-e1,proxy,1,97.04,1,0.9818631492168178,5.368910056561738,97.04,0.5,0.39375000000000004,16,21,0.7553146502643406,0.5075808208691562,1.0,0.23984185153216075,0.9106380189030616,921.883011788149,0,1213,0,0.0,1,0
20260514_003423,198,e1,PPO-OSD+Fuzzy+OP-CBRS-Source-e1,proxy,1,93.12,0,0.979381443298969,5.198878905254012,93.12,0.5,0.39375000000000004,16,9,0.7897736405588917,0.5049252884143345,1.0,0.6098269844404643,0.9132395362996739,908.8201993850009,1164,0,0,1.0,1,0
20260514_003423,199,e1,PPO-OSD+Fuzzy+OP-CBRS-Source-e1,proxy,1,93.2,1,0.9716738197424892,5.203748844844478,93.2,0.5,0.39375000000000004,16,17,0.7902768215908001,0.5049348559166152,1.0,0.5664317902309656,0.913013662519908,909.2340865332548,1165,0,0,1.0,1,0
20260514_003423,200,e1,PPO-OSD+Fuzzy+OP-CBRS-Source-e1,proxy,1,97.60000000000001,1,0.9368852459016394,5.392903837783754,97.60000000000001,0.48500000000000004,0.376875,16,31,0.7501502170914509,0.5059660421545672,0.7999999999999826,0.38494872780659856,0.9094649340722663,917.6766428013507,1220,0,0,1.0,1,0
20260514_003423,201,e1,PPO-OSD+Fuzzy+OP-CBRS-Source-e1,proxy,1,90.24,2,0.9920212765957447,5.067864464289722,90.24,0.5,0.39375000000000004,16,29,0.8117829083022496,0.5008873163627154,1.0,0.8018661032481622,0.9095058472595615,899.8101540017678,0,1128,0,0.0,1,0
20260514_003423,202,e1,PPO-OSD+Fuzzy+OP-CBRS-Source-e1,proxy,1,92.56,0,0.9775280898876404,5.175078608062474,92.56,0.5,0.39375000000000004,16,18,0.7958661617394037,0.5065941782936162,1.0,0.6309251708235343,0.9134348684089763,908.513887046301,1157,0,0,1.0,1,0
20260514_003423,203,e1,PPO-OSD+Fuzzy+OP-CBRS-Source-e1,proxy,1,94.0,1,0.977872340425532,5.23964763930861,94.0,0.5,0.39375000000000004,16,19,0.7843580677154216,0.5070440729483281,1.0,0.44523521071069005,0.9142808566887781,912.478994627044,1175,0,0,1.0,1,0
20260514_003423,204,e1,PPO-OSD+Fuzzy+OP-CBRS-Source-e1,proxy,1,93.76,1,0.9837883959044369,5.228361906572455,93.76,0.5,0.39375000000000004,16,22,0.7858960711152481,0.5082375975134076,1.0,0.45216435854650056,0.9138192942963844,911.3987643840117,1172,0,0,1.0,1,0
20260514_003423,205,e1,PPO-OSD+Fuzzy+OP-CBRS-Source-e1,proxy,1,91.2,3,0.9666666666666667,5.112067563194737,91.2,0.5,0.39375000000000004,16,27,0.8050098234885618,0.503422619047619,1.0,0.6681414657431356,0.9113661624986835,902.2827662433497,1140,0,0,1.0,1,0
20260514_003423,206,e1,PPO-OSD+Fuzzy+OP-CBRS-Source-e1,proxy,1,95.68,1,0.9715719063545151,5.310549625062414,95.68,0.5,0.39375000000000004,16,7,0.7680291780659985,0.5089009495938847,1.0,0.2792088171117009,0.9145253341506587,919.5902694480172,0,1196,0,0.0,1,0
20260514_003423,207,e1,PPO-OSD+Fuzzy+OP-CBRS-Source-e1,proxy,1,93.92,1,0.9659284497444633,5.235231356934375,93.92,0.5,0.39375000000000004,16,27,0.7843340283967364,0.5069321915307857,1.0,0.4004349040014829,0.9143845973491944,911.1545038934572,1174,0,0,1.0,1,0
20260514_003423,208,e1,PPO-OSD+Fuzzy+OP-CBRS-Source-e1,proxy,1,87.60000000000001,2,0.9917808219178083,4.950068423491785,87.60000000000001,0.5,0.39375000000000004,16,18,0.834116605373278,0.4954093281148076,1.0,0.9547084653696912,0.9078915355423373,891.3758203176197,0,1095,0,0.0,1,0
20260514_003423,209,e1,PPO-OSD+Fuzzy+OP-CBRS-Source-e1,proxy,1,95.12,2,0.9638351555929352,5.286928025993335,95.12,0.5,0.39375000000000004,16,64,0.7734402584568405,0.5073756458007931,1.0,0.2891970768901565,0.9151947635964792,917.667219907395,0,1189,0,0.0,1,0
20260514_003423,210,e1,PPO-OSD+Fuzzy+OP-CBRS-Source-e1,proxy,1,87.44,4,0.9405306495882891,4.94352468631304,87.44,0.5,0.39375000000000004,16,44,0.8356375868780724,0.4954197163769445,1.0,0.9739034207331403,0.9073659430940204,889.3982917160381,0,1093,0,0.0,1,0
20260514_003423,211,e1,PPO-OSD+Fuzzy+OP-CBRS-Source-e1,proxy,1,93.84,1,0.9667519181585678,5.231818625362188,93.84,0.5,0.39375000000000004,16,25,0.7851365912397601,0.5067280172938737,1.0,0.41749124856569375,0.9137523678332793,910.9260544676285,1173,0,0,1.0,1,0
20260514_003423,212,e1,PPO-OSD+Fuzzy+OP-CBRS-Source-e1,proxy,1,93.04,2,0.9802235597592434,5.195513812669746,93.04,0.5,0.39375000000000004,16,28,0.7910809760091639,0.5054446628178355,1.0,0.4932741944333731,0.9131919965176002,908.8258207100371,1163,0,0,1.0,1,0
20260514_003423,213,e1,PPO-OSD+Fuzzy+OP-CBRS-Source-e1,proxy,1,91.28,3,0.9815950920245399,5.116695794899837,91.28,0.5,0.39375000000000004,16,23,0.8046824621276621,0.4994530174032804,1.0,0.6620953691664305,0.9109477546980764,902.607263452879,1141,0,0,1.0,1,0
20260514_003423,214,e1,PPO-OSD+Fuzzy+OP-CBRS-Source-e1,proxy,1,87.28,1,0.9596700274977086,4.93587940897459,87.28,0.5,0.39375000000000004,16,32,0.83674032602367,0.49430240932303265,1.0,0.9343118732885,0.9081232386845801,890.4464808847869,0,1091,0,0.0,1,0
20260514_003423,215,e1,PPO-OSD+Fuzzy+OP-CBRS-Source-e1,proxy,1,93.28,1,0.9777015437392796,5.206931547254019,93.28,0.5,0.39375000000000004,16,31,0.7895880884668226,0.5051320142122026,1.0,0.46742070480535,0.9136136223909445,909.5711347212228,1166,0,0,1.0,1,0
20260514_003423,216,e1,PPO-OSD+Fuzzy+OP-CBRS-Source-e1,proxy,1,92.64,2,0.9654576856649395,5.178521334484917,92.64,0.5,0.39375000000000004,16,32,0.7946932666351141,0.5041928818159386,1.0,0.509587222168146,0.9129856079945492,907.0926800995541,1158,0,0,1.0,1,0
20260514_003423,217,e1,PPO-OSD+Fuzzy+OP-CBRS-Source-e1,proxy,1,94.56,1,0.9873096446700508,5.2621364753918805,94.56,0.5,0.39375000000000004,16,25,0.7780400729673567,0.5075364092337443,1.0,0.3284310594269231,0.914744144311791,916.9593319336931,0,1182,0,0.0,1,0
20260514_003423,218,e1,PPO-OSD+Fuzzy+OP-CBRS-Source-e1,proxy,1,96.0,0,0.965,5.32365884725046,96.0,0.5,0.39375000000000004,16,15,0.7646143699189027,0.5064441964285719,1.0,0.1719694427556554,0.9137071492279774,920.6677473697788,0,1200,0,0.0,1,0
20260514_003423,219,e1,PPO-OSD+Fuzzy+OP-CBRS-Source-e1,proxy,1,92.64,1,0.9732297063903281,5.177814098962638,92.64,0.5,0.39375000000000004,16,21,0.7944249501757465,0.5048073957562296,1.0,0.4971293599705834,0.9130038388583337,907.8291534657666,1158,0,0,1.0,1,0
20260514_003423,220,e1,PPO-OSD+Fuzzy+OP-CBRS-Source-e1,proxy,1,96.64,1,0.9610927152317881,5.351785126692014,96.64,0.5,0.39375000000000004,16,27,0.7589541574607029,0.5040001182592247,1.0,0.0907563286465166,0.9123869566043844,922.2141701537483,0,1208,0,0.0,1,0
20260514_003423,221,e1,PPO-OSD+Fuzzy+OP-CBRS-Source-e1,proxy,1,93.28,0,0.9794168096054888,5.206234048461511,93.28,0.5,0.39375000000000004,16,21,0.7889720218617143,0.5048693641264393,1.0,0.4431560436998426,0.9133692255538254,909.8958007125296,1166,0,0,1.0,1,0
20260514_003423,222,e1,PPO-OSD+Fuzzy+OP-CBRS-Source-e1,proxy,1,92.16,2,0.9748263888888888,5.156387376374766,92.16,0.5,0.39375000000000004,16,26,0.7983819073738737,0.5047766307043651,1.0,0.5201943477703314,0.9127204504440198,905.94354111261,1152,0,0,1.0,1,0
20260514_003423,223,e1,PPO-OSD+Fuzzy+OP-CBRS-Source-e1,proxy,1,90.08,2,0.9902309058614565,5.061113529692085,90.08,0.5,0.39375000000000004,16,11,0.8131848749693079,0.49802794341537715,1.0,0.6833165029915714,0.9085279576025092,898.9818232398904,1126,0,0,1.0,1,0
20260514_003423,224,e1,PPO-OSD+Fuzzy+OP-CBRS-Source-e1,proxy,1,91.92,0,0.9852045256744996,5.144241469703836,91.92,0.5,0.39375000000000004,16,28,0.79905707974658,0.5035014919806042,1.0,0.5330877708662427,0.912426514449455,905.945775593094,1149,0,0,1.0,1,0
20260514_003423,225,e1,PPO-OSD+Fuzzy+OP-CBRS-Source-e1,proxy,1,87.92,1,0.9899909008189263,4.963512874913831,87.92,0.5,0.39375000000000004,16,31,0.8307631488980978,0.49527492525672706,1.0,0.8469591340496292,0.9075710497197368,893.2342585237582,0,1099,0,0.0,1,0
20260514_003423,226,e1,PPO-OSD+Fuzzy+OP-CBRS-Source-e1,proxy,1,93.76,1,0.9812286689419796,5.229740935082639,93.76,0.5,0.39375000000000004,16,35,0.7866145522165217,0.5049564236957578,1.0,0.39135372015402564,0.913848451741459,911.5420001936918,1172,0,0,1.0,1,0
20260514_003423,227,e1,PPO-OSD+Fuzzy+OP-CBRS-Source-e1,proxy,1,90.16,0,0.9902395740905058,5.063641126738712,90.16,0.5,0.39375000000000004,16,27,0.8120252524949644,0.500656768918748,1.0,0.7055883437992628,0.9091006424691199,900.8672863230838,0,1127,0,0.0,1,0
20260514_003423,228,e1,PPO-OSD+Fuzzy+OP-CBRS-Source-e1,proxy,1,93.84,1,0.9863597612958227,5.231898017285766,93.84,0.5,0.39375000000000004,16,30,0.7851620604365886,0.5069244001948602,1.0,0.39987104139829965,0.9142821547236543,911.8256484133441,1173,0,0,1.0,1,0
20260514_003423,229,e1,PPO-OSD+Fuzzy+OP-CBRS-Source-e1,proxy,1,93.2,3,0.9708154506437768,5.202930661955747,93.2,0.5,0.39375000000000004,16,36,0.7898660026138944,0.5058108522378906,1.0,0.4710121432133723,0.9138621750959891,908.9266330347564,1165,0,0,1.0,1,0
20260514_003423,230,e1,PPO-OSD+Fuzzy+OP-CBRS-Source-e1,proxy,1,94.56,2,0.9805414551607445,5.2621092319025955,94.56,0.5,0.39375000000000004,16,34,0.778139357412527,0.5078053239062125,1.0,0.32606616244986225,0.9145171509047312,916.3844215361627,0,1182,0,0.0,1,0
20260514_003423,231,e1,PPO-OSD+Fuzzy+OP-CBRS-Source-e1,proxy,1,95.84,1,0.9699499165275459,5.317169675213996,95.84,0.5,0.39375000000000004,16,28,0.7663010810074304,0.5062239148580971,1.0,0.17397397219665042,0.9141633269940934,920.3237413001212,0,1198,0,0.0,1,0
20260514_003423,232,e1,PPO-OSD+Fuzzy+OP-CBRS-Source-e1,proxy,1,89.84,3,0.9572573463935886,5.048317274070487,89.84,0.5,0.39375000000000004,16,49,0.8140294750089212,0.5006384365856763,1.0,0.7256707263059071,0.908764938164986,898.006164593998,0,1123,0,0.0,1,0
20260514_003423,233,e1,PPO-OSD+Fuzzy+OP-CBRS-Source-e1,proxy,1,93.04,3,0.9819432502149613,5.1962864846795975,93.04,0.5,0.39375000000000004,16,56,0.7916284756525159,0.5058308254514184,1.0,0.47648840271949977,0.9136908377518602,908.9045870958372,1163,0,0,1.0,1,0
20260514_003423,234,e1,PPO-OSD+Fuzzy+OP-CBRS-Source-e1,proxy,1,90.56,1,0.980565371024735,5.083848529635774,90.56,0.5,0.39375000000000004,16,34,0.8103490878594216,0.49947548586572466,1.0,0.6749343159042459,0.9098635451459295,901.066662121648,1132,0,0,1.0,1,0
20260514_003423,235,e1,PPO-OSD+Fuzzy+OP-CBRS-Source-e1,proxy,1,87.36,1,0.9908424908424909,4.940073127046154,87.36,0.5,0.39375000000000004,16,11,0.8367439606141694,0.4962658621140766,1.0,0.9366090154512604,0.9076992748763619,891.4589049771458,0,1092,0,0.0,1,0
20260514_003423,236,e1,PPO-OSD+Fuzzy+OP-CBRS-Source-e1,proxy,1,92.24,2,0.9540329575021682,5.159500606184112,92.24,0.5,0.39375000000000004,16,30,0.7972578341197885,0.503729401561145,1.0,0.5290902635233466,0.9125340258216383,905.3933419905715,1153,0,0,1.0,1,0
20260514_003423,237,e1,PPO-OSD+Fuzzy+OP-CBRS-Source-e1,proxy,1,92.72,0,0.9870578084555651,5.180744513472454,92.72,0.5,0.39375000000000004,16,26,0.7932905330289737,0.5047516331813137,1.0,0.46083612775565874,0.9133643979024687,908.7736413881767,1159,0,0,1.0,1,0
20260514_003423,238,e1,PPO-OSD+Fuzzy+OP-CBRS-Source-e1,proxy,1,95.44,1,0.9547359597652976,5.300572280223867,95.44,0.5,0.39375000000000004,16,39,0.7702037119255881,0.5055180517303322,1.0,0.19523602366842863,0.9149895557631765,919.086826655433,0,1193,0,0.0,1,0
20260514_003423,239,e1,PPO-OSD+Fuzzy+OP-CBRS-Source-e1,proxy,1,90.0,0,0.9831111111111112,5.057383445677211,90.0,0.5,0.39375000000000004,16,19,0.8139478369024065,0.49888015873015906,1.0,0.6934751536367777,0.9086657362111882,899.547187272736,1125,0,0,1.0,1,0
20260514_003423,240,e1,PPO-OSD+Fuzzy+OP-CBRS-Source-e1,proxy,1,86.24,0,0.9925788497217068,4.892034232238303,86.24,0.5,0.39375000000000004,16,18,0.8476113361308216,0.49450288232175993,1.0,1.0,0.9076768926008753,888.7564698268166,0,1078,0,0.0,1,0
20260514_003423,241,e1,PPO-OSD+Fuzzy+OP-CBRS-Source-e1,proxy,1,94.48,3,0.9204064352243861,5.25931872124325,94.48,0.5,0.39375000000000004,16,37,0.7791726545041946,0.5070234063142616,1.0,0.3121757258976498,0.9146595761230069,915.4546034382507,0,1181,0,0.0,1,0
20260514_003423,242,e1,PPO-OSD+Fuzzy+OP-CBRS-Source-e1,proxy,1,95.44,0,0.9622799664710813,5.3013495006901445,95.44,0.5,0.39375000000000004,16,26,0.7708180536268543,0.5059431505208959,1.0,0.2179068274396558,0.9150371904358462,919.8551808786735,0,1193,0,0.0,1,0
20260514_003423,243,e1,PPO-OSD+Fuzzy+OP-CBRS-Source-e1,proxy,1,91.44,4,0.9825021872265967,5.123997712060818,91.44,0.5,0.39375000000000004,16,53,0.8034104672655763,0.5008108361454818,1.0,0.6097831707821406,0.9114594217002789,902.6506034210668,1143,0,0,1.0,1,0
20260514_003423,244,e1,PPO-OSD+Fuzzy+OP-CBRS-Source-e1,proxy,1,90.56,1,0.984982332155477,5.08282709917605,90.56,0.5,0.39375000000000004,16,24,0.8097994131144702,0.5009512241292281,1.0,0.6691917603736477,0.910077661624561,901.3420584082631,1132,0,0,1.0,1,0
20260514_003423,245,e1,PPO-OSD+Fuzzy+OP-CBRS-Source-e1,proxy,1,92.16,1,0.9826388888888888,5.156254586787136,92.16,0.5,0.39375000000000004,16,20,0.7981483256444335,0.5027467757936509,1.0,0.5291242839801504,0.9125821536124056,906.3870278066922,1152,0,0,1.0,1,0
20260514_003423,246,e1,PPO-OSD+Fuzzy+OP-CBRS-Source-e1,proxy,1,89.52,1,0.9848078641644326,5.035985224507945,89.52,0.5,0.39375000000000004,16,26,0.8179952199433508,0.497764266564535,1.0,0.7513311023898533,0.9078413754589112,898.2963965159729,0,1119,0,0.0,1,0
20260514_003423,247,e1,PPO-OSD+Fuzzy+OP-CBRS-Source-e1,proxy,1,91.44,1,0.9702537182852143,5.122919433309034,91.44,0.5,0.39375000000000004,16,54,0.8030287439846095,0.5014841894763157,1.0,0.5641488978050564,0.9118563861922395,903.6631722492798,1143,0,0,1.0,1,0
20260514_003423,248,e1,PPO-OSD+Fuzzy+OP-CBRS-Source-e1,proxy,1,94.8,2,0.9763713080168777,5.274363184753554,94.8,0.5,0.39375000000000004,16,29,0.77730251860015,0.5075678119349007,1.0,0.2855734158856662,0.9149201102775508,917.784355821849,0,1185,0,0.0,1,0
20260514_003423,249,e1,PPO-OSD+Fuzzy+OP-CBRS-Source-e1,proxy,1,92.64,0,0.9861830742659758,5.177836323857381,92.64,0.5,0.39375000000000004,16,35,0.7942969104168947,0.5046285159141374,1.0,0.47411186402554334,0.9131185516204869,908.6972717969693,1158,0,0,1.0,1,0
20260514_003423,250,e1,PPO-OSD+Fuzzy+OP-CBRS-Source-e1,proxy,1,88.4,1,0.9927601809954751,4.984534388784155,88.4,0.5,0.39375000000000004,16,13,0.8266394633513231,0.4976171622495154,1.0,0.7993012989111326,0.9072484927375555,894.918982266366,0,1105,0,0.0,1,0
20260514_003423,251,e1,PPO-OSD+Fuzzy+OP-CBRS-Source-e1,proxy,1,91.2,2,0.9824561403508771,5.112864540145706,91.2,0.5,0.39375000000000004,16,48,0.8054317572791325,0.5016862468671681,1.0,0.6028358280426659,0.9113732191781683,903.3341223928367,1140,0,0,1.0,1,0
20260514_003423,252,e1,PPO-OSD+Fuzzy+OP-CBRS-Source-e1,proxy,1,92.08,1,0.9739357080799305,5.152555663276274,92.08,0.5,0.39375000000000004,16,15,0.7986356436325922,0.5028771565098671,1.0,0.5068995819435619,0.912561204157124,905.9981831077006,1151,0,0,1.0,1,0
20260514_003423,253,e1,PPO-OSD+Fuzzy+OP-CBRS-Source-e1,proxy,1,88.16,1,0.9945553539019963,4.974057929712458,88.16,0.5,0.39375000000000004,16,27,0.8287605375538287,0.49633134560539305,1.0,0.8072248491240851,0.9075765057422698,894.4012128542098,0,1102,0,0.0,1,0
20260514_003423,254,e1,PPO-OSD+Fuzzy+OP-CBRS-Source-e1,proxy,1,93.68,3,0.9871904355251921,5.224937596200815,93.68,0.5,0.39375000000000004,16,45,0.7863951294876184,0.5048249359521774,1.0,0.36193659079157564,0.9138337049766883,910.4467027455516,1171,0,0,1.0,1,0
20260514_003423,255,e1,PPO-OSD+Fuzzy+OP-CBRS-Source-e1,proxy,1,87.28,1,0.9880843263061412,4.9358891870442,87.28,0.5,0.39375000000000004,16,28,0.8369694499386001,0.49521899960717575,1.0,0.8840407451626502,0.9076701238430726,891.3693429779073,0,1091,0,0.0,1,0
20260514_003423,256,e1,PPO-OSD+Fuzzy+OP-CBRS-Source-e1,proxy,1,95.68,1,0.975752508361204,5.311795858375061,95.68,0.49531071682405503,0.38847455642706186,16,15,0.7687843261554488,0.5053444517439086,0.9374762243207636,0.2597554402855512,0.9149396472683754,921.2019709561919,0,1196,0,0.0,1,0
20260514_003423,257,e1,PPO-OSD+Fuzzy+OP-CBRS-Source-e1,proxy,1,90.96000000000001,0,0.9894459102902374,5.100540150337307,90.96000000000001,0.5,0.39375000000000004,16,42,0.8063325029564407,0.5005559743686396,1.0,0.6018418950535189,0.9107289443766113,902.6324045332074,1137,0,0,1.0,1,0
20260514_003423,258,e1,PPO-OSD+Fuzzy+OP-CBRS-Source-e1,proxy,1,96.16,1,0.9833610648918469,5.332907485588468,96.16,0.5,0.39375000000000004,16,26,0.7646742778490863,0.5049708818635613,1.0,0.1611588544699672,0.9139073455770295,921.7653767609613,0,1202,0,0.0,1,0
20260514_003423,259,e1,PPO-OSD+Fuzzy+OP-CBRS-Source-e1,proxy,1,94.4,2,0.9593220338983051,5.255716890809924,94.4,0.5,0.39375000000000004,16,39,0.7798621141556966,0.5080410108958837,1.0,0.3117108216356431,0.9147377660311904,915.9918608293159,0,1180,0,0.0,1,0
20260514_003423,260,e1,PPO-OSD+Fuzzy+OP-CBRS-Source-e1,proxy,1,94.64,0,0.9695688926458157,5.26644870983663,94.64,0.5,0.39375000000000004,16,23,0.7778380791816486,0.5070877611399589,1.0,0.2903087788025525,0.9149779400867105,917.6896674365101,0,1183,0,0.0,1,0
20260514_003423,261,e1,PPO-OSD+Fuzzy+OP-CBRS-Source-e1,proxy,1,92.24,2,0.986990459670425,5.16090176248364,92.24,0.5,0.39375000000000004,16,29,0.7982090022754172,0.5027103209019947,1.0,0.5296244266800251,0.912693741402193,906.7155242525289,1153,0,0,1.0,1,0
20260514_003423,262,e1,PPO-OSD+Fuzzy+OP-CBRS-Source-e1,proxy,1,92.24,3,0.98959236773634,5.160455610937486,92.24,0.5,0.39375000000000004,16,21,0.7977275035739049,0.5023084190310989,1.0,0.5375900827381648,0.9125447451028222,906.3035284222107,1153,0,0,1.0,1,0
20260514_003423,263,e1,PPO-OSD+Fuzzy+OP-CBRS-Source-e1,proxy,1,90.32000000000001,2,0.9875996457041629,5.071165827454415,90.32000000000001,0.5,0.39375000000000004,16,55,0.8109486447539975,0.5020087308616983,1.0,0.7297326910017735,0.9094130896554954,900.2341050128483,0,1129,0,0.0,1,0
20260514_003423,264,e1,PPO-OSD+Fuzzy+OP-CBRS-Source-e1,proxy,1,89.04,0,0.958670260557053,5.015149458769138,89.04,0.5,0.39375000000000004,16,38,0.8223538914994944,0.49756610191246325,1.0,0.8283341704627595,0.907516969307823,896.1699568304659,0,1113,0,0.0,1,0
20260514_003423,265,e1,PPO-OSD+Fuzzy+OP-CBRS-Source-e1,proxy,1,95.04,2,0.9781144781144782,5.284656341402105,95.04,0.5,0.39375000000000004,16,29,0.774831602381235,0.5065265752765753,1.0,0.29372409610381744,0.9152614775621661,918.2608739620991,0,1188,0,0.0,1,0
20260514_003423,266,e1,PPO-OSD+Fuzzy+OP-CBRS-Source-e1,proxy,1,94.24,1,0.9592529711375212,5.250286092170948,94.24,0.5,0.39375000000000004,16,55,0.7822525278872262,0.5079803844288138,1.0,0.42220377246974644,0.9140246120901573,911.9160311822003,1178,0,0,1.0,1,0
20260514_003423,267,e1,PPO-OSD+Fuzzy+OP-CBRS-Source-e1,proxy,1,93.44,0,0.9888698630136986,5.215865572332632,93.44,0.5,0.39375000000000004,16,27,0.7895800249574527,0.5071275684931501,1.0,0.5132834026671359,0.9135229557362281,911.5780387755244,1168,0,0,1.0,1,0
20260514_003423,268,e1,PPO-OSD+Fuzzy+OP-CBRS-Source-e1,proxy,1,90.64,3,0.9752868490732568,5.086717897003842,90.64,0.5,0.39375000000000004,16,27,0.8094461563668836,0.502204955238936,1.0,0.7246737336863303,0.9101572136078764,901.6243374229168,0,1133,0,0.0,1,0
20260514_003423,269,e1,PPO-OSD+Fuzzy+OP-CBRS-Source-e1,proxy,1,96.4,1,0.9269709543568465,5.341265273457898,96.4,0.5,0.39375000000000004,16,35,0.7608777863356088,0.5059106401896863,1.0,0.1860169716178177,0.912818929329154,920.44094611974,0,1205,0,0.0,1,0
20260514_003423,270,e1,PPO-OSD+Fuzzy+OP-CBRS-Source-e1,proxy,1,94.48,1,0.9813717188823031,5.259402497730131,94.48,0.5,0.39375000000000004,16,26,0.7795179215000404,0.5103188883512761,1.0,0.4416037972806632,0.9144500578236332,913.2900298145812,1181,0,0,1.0,1,0
20260514_003423,271,e1,PPO-OSD+Fuzzy+OP-CBRS-Source-e1,proxy,1,97.76,4,0.969721767594108,5.3988262142976655,97.76,0.48500000000000004,0.376875,16,30,0.7480032032572111,0.505490852232874,0.7999999999999825,0.353742313438428,0.9087271372365553,916.8353741521092,1222,0,0,1.0,1,0
20260514_003423,272,e1,PPO-OSD+Fuzzy+OP-CBRS-Source-e1,proxy,1,93.60000000000001,4,0.9931623931623932,5.2206683870793675,93.60000000000001,0.5,0.39375000000000004,16,51,0.7864687910701474,0.5083363858363855,1.0,0.5700448784585995,0.9138428089504403,909.7546091789491,1170,0,0,1.0,1,0
20260514_003423,273,e1,PPO-OSD+Fuzzy+OP-CBRS-Source-e1,proxy,1,88.08,1,0.9936421435059037,4.9711865230030545,88.08,0.5,0.39375000000000004,16,25,0.8297982027755879,0.49728007006617386,1.0,0.9794411806465113,0.9075467970512383,892.9299765628333,0,1101,0,0.0,1,0
20260514_003423,274,e1,PPO-OSD+Fuzzy+OP-CBRS-Source-e1,proxy,1,94.72,1,0.981418918918919,5.269361622185633,94.72,0.5,0.39375000000000004,16,32,0.7768500791107481,0.5079768943050194,1.0,0.3787398191914642,0.9145438699482074,913.6036556588858,1184,0,0,1.0,1,0
20260514_003423,275,e1,PPO-OSD+Fuzzy+OP-CBRS-Source-e1,proxy,1,94.16,1,0.967714528462192,5.244765972098578,94.16,0.5,0.39375000000000004,16,32,0.7817432355759198,0.5080774365821094,1.0,0.47275878625345574,0.9145615711180192,912.2979943035978,1177,0,0,1.0,1,0
20260514_003423,276,e1,PPO-OSD+Fuzzy+OP-CBRS-Source-e1,proxy,1,94.56,3,0.9602368866328257,5.26217656072128,94.56,0.5,0.39375000000000004,16,36,0.7781460873669174,0.5089202622673437,1.0,0.4108877168317774,0.914903203795652,911.7032751110656,1182,0,0,1.0,1,0
20260514_003423,277,e1,PPO-OSD+Fuzzy+OP-CBRS-Source-e1,proxy,1,93.12,1,0.9647766323024055,5.199952623002011,93.12,0.5,0.39375000000000004,16,17,0.7909370978775713,0.5065859720176727,1.0,0.5649120067624807,0.913324716523808,908.7024773994074,1164,0,0,1.0,1,0
20260514_003423,278,e1,PPO-OSD+Fuzzy+OP-CBRS-Source-e1,proxy,1,95.76,1,0.9724310776942355,5.312840890876721,95.76,0.5,0.39375000000000004,16,49,0.7663337375187536,0.5073457453156703,1.0,0.2339733375018796,0.9148341301140271,919.5391758304926,0,1197,0,0.0,1,0
20260514_003423,279,e1,PPO-OSD+Fuzzy+OP-CBRS-Source-e1,proxy,1,87.28,2,0.9789184234647113,4.936557771363437,87.28,0.5,0.39375000000000004,16,17,0.8373262037059563,0.49483681419405545,1.0,0.9618045878312109,0.907761006853866,890.3631510951116,0,1091,0,0.0,1,0
20260514_003423,280,e1,PPO-OSD+Fuzzy+OP-CBRS-Source-e1,proxy,1,91.36,0,0.9877408056042032,5.119752433660474,91.36,0.5,0.39375000000000004,16,32,0.8038855352668962,0.5019412997247937,1.0,0.621297663910574,0.9116727366864564,904.3097204480821,1142,0,0,1.0,1,0
20260514_003423,281,e1,PPO-OSD+Fuzzy+OP-CBRS-Source-e1,proxy,1,97.04,0,0.9637262984336357,5.366334868988191,97.04,0.5,0.39375000000000004,16,16,0.7536468605978471,0.5070302378989524,1.0,0.07971245682132662,0.9105696268011153,922.5797950904371,0,1213,0,0.0,1,0
20260514_003423,282,e1,PPO-OSD+Fuzzy+OP-CBRS-Source-e1,proxy,1,90.4,1,0.9893805309734514,5.075367273957962,90.4,0.5,0.39375000000000004,16,39,0.8109104555792513,0.5015565739570166,1.0,0.6842097054939501,0.9096457688614539,900.7516350113816,1130,0,0,1.0,1,0
20260514_003423,283,e1,PPO-OSD+Fuzzy+OP-CBRS-Source-e1,proxy,1,95.28,1,0.9714525608732157,5.29378469165065,95.28,0.5,0.39375000000000004,16,25,0.7719976605736438,0.5074367278397507,1.0,0.25353339119846063,0.9151981538434677,918.7283117889854,0,1191,0,0.0,1,0
20260514_003423,284,e1,PPO-OSD+Fuzzy+OP-CBRS-Source-e1,proxy,1,95.12,1,0.9781328847771237,5.286839560207175,95.12,0.5,0.39375000000000004,16,37,0.7732779911779575,0.5065443650126159,1.0,0.24597535120733952,0.9151767676643379,918.8421980277706,0,1189,0,0.0,1,0
20260514_003423,285,e1,PPO-OSD+Fuzzy+OP-CBRS-Source-e1,proxy,1,93.60000000000001,3,0.9743589743589743,5.220110284549974,93.60000000000001,0.5,0.39375000000000004,16,45,0.7863758941746165,0.506203449328449,1.0,0.40824237483451203,0.9138599054732677,909.5143289783246,1170,0,0,1.0,1,0
20260514_003423,286,e1,PPO-OSD+Fuzzy+OP-CBRS-Source-e1,proxy,1,95.52,2,0.9304857621440537,5.30444758975912,95.52,0.5,0.39375000000000004,16,38,0.7700009610085831,0.506134840871022,1.0,0.21168804810841557,0.9148197306893002,919.3427811942031,0,1194,0,0.0,1,0
20260514_003423,287,e1,PPO-OSD+Fuzzy+OP-CBRS-Source-e1,proxy,1,89.92,0,0.9893238434163701,5.053465958983619,89.92,0.5,0.39375000000000004,16,21,0.8142114853307446,0.4982683019827151,1.0,0.7307307724775022,0.9085071669359597,899.8064290377937,0,1124,0,0.0,1,0
20260514_003423,288,e1,PPO-OSD+Fuzzy+OP-CBRS-Source-e1,proxy,1,92.08,0,0.9591659426585578,5.152385946615386,92.08,0.5,0.39375000000000004,16,19,0.7986796536878541,0.5033557775847091,1.0,0.5627460353434088,0.9131441997561592,906.1520969432618,1151,0,0,1.0,1,0
20260514_003423,289,e1,PPO-OSD+Fuzzy+OP-CBRS-Source-e1,proxy,1,92.08,1,0.9730668983492615,5.152824203027874,92.08,0.5,0.39375000000000004,16,18,0.7987860710490382,0.5031432294898844,1.0,0.5753422618535871,0.9124286666160784,905.9105101062031,1151,0,0,1.0,1,0
20260514_003423,290,e1,PPO-OSD+Fuzzy+OP-CBRS-Source-e1,proxy,1,94.4,2,0.9813559322033898,5.254977877320688,94.4,0.5,0.39375000000000004,16,16,0.7791409681914216,0.507018008474576,1.0,0.333194758685802,0.914667377980935,915.8577560687179,0,1180,0,0.0,1,0
20260514_003423,291,e1,PPO-OSD+Fuzzy+OP-CBRS-Source-e1,proxy,1,92.24,3,0.986990459670425,5.159412083044485,92.24,0.5,0.39375000000000004,16,22,0.7972846896826239,0.5042730144963449,1.0,0.5357875400100034,0.9126162247424806,906.2011339709776,1153,0,0,1.0,1,0
20260514_003423,292,e1,PPO-OSD+Fuzzy+OP-CBRS-Source-e1,proxy,1,91.12,0,0.9850746268656716,5.108897436961091,91.12,0.5,0.39375000000000004,16,38,0.8058368073836871,0.5012283644801208,1.0,0.6329433639538213,0.9112278669089992,903.4395727020195,1139,0,0,1.0,1,0
